"asset_id","asset_category","difficulty","retailer","rank","product_id","title","url","brand","region","raw_dimensions","width_m","height_m","depth_m","price_rub","availability","accessed_at","category_match","dimension_error","dimension_compatible","silhouette_label","material_match","color_match","style_match","manual_label","label_reason"
"sofa","sofas","easy","kalibroom.ru","1","KR-001229","Диван прямой Тинэль (белый велюр) 210x105x84","https://kalibroom.ru/product/pryamoy-divan-tinel--velutto-01--210x105x84--00057--wm","","Moscow","210x105x84 (ШхГхВ)","2.10","0.84","1.05","154900","in stock (price shown)","2026-08-24","1","0.128","yes","straight-sofa","velvet=y","neutral=y","straight-modern","A","W err 2%; straight velvet sofa; form family matches"
"sofa","sofas","easy","kalibroom.ru","2","KR-003873","Диван прямой Штейген (синий велюр) 220x105x85","https://kalibroom.ru/product/divan-steigen--premier-22--220x105x85--00009--wm","","Moscow","220x105x85","2.20","0.85","1.05","149900","in stock (price shown)","2026-08-24","1","0.141","yes","straight-sofa","velvet=y","no","straight-modern","A","tight dims; velvet; same class"
"sofa","sofas","easy","kalibroom.ru","3","KR-011559","Диван прямой Борген (серый велюр) 248x111x92","https://kalibroom.ru/product/divan-borgen--novus-998--248x111x92--00016--ek","","Moscow","248x111x92","2.48","0.92","1.11","216568","in stock (variants listed)","2026-08-24","1","0.186","yes","eurobook-sofa","velvet=y","no","classic","B","deep eurolbook vs flat 0.85D; visibly deeper"
"sofa_037","sofas","hard","kalibroom.ru","1","KR-011559","Борген 248x111x92","https://kalibroom.ru/product/divan-borgen--novus-998--248x111x92--00016--ek","","Moscow","248x111x92","2.48","0.92","1.11","216568","in stock","2026-08-24","1","0.137","yes","eurobook-sofa","velvet=n","no","classic","B","closest deep model but classic form vs lounge"
"sofa_037","sofas","hard","kalibroom.ru","2","KR-003873","Штейген 220x105x85","https://kalibroom.ru/product/divan-steigen--premier-22--220x105x85--00009--wm","","Moscow","220x105x85","2.20","0.85","1.05","149900","in stock","2026-08-24","1","0.161","yes","straight-sofa","no","no","modern","B","depth 1.36 vs 1.05; lounge silhouette unmatched"
"sofa_037","sofas","hard","kalibroom.ru","3","KR-001229","Тинэль 210x105x84","https://kalibroom.ru/product/pryamoy-divan-tinel--velutto-01--210x105x84--00057--wm","","Moscow","210x105x84","2.10","0.84","1.05","154900","in stock","2026-08-24","1","0.179","yes","straight-sofa","velvet=y","no","modern","B","same as above; deep-lounge look absent in pool"
"sofa_044","sofas","hard","kalibroom.ru","1","KR-002767?","Ронни прямой 264 см велюр","https://kalibroom.ru/catalog/divany/model-divan-ronny","","Moscow","264 см length only","","","","161990","colors listed","2026-08-24","1","unknown","n/a","corner?","no","no","modern","X","asset is 5.2m modular/corner; longest straight found is 2.64m - gross mismatch"
"sofa_044","sofas","hard","kalibroom.ru","2","KR-011559","Борген 258 variant","https://kalibroom.ru/product/divan-borgen--velutto-23--258x111x92--00016--wm","","Moscow","258x111x92","2.58","0.92","1.11","176990","in stock","2026-08-24","1","unknown","n/a","eurobook","no","no","classic","X","no corner/modular analogues retrieved at all"
"sofa_044","sofas","hard","-","3","","none-found","","","","","","","","","not-found","2026-08-24","0","","no","","","","X","X","negative evidence: no modular sofas in any searched RU shop pool"
"chair","chairs","easy","divan.ru","1","Ларни","Кресло Ларни Велюр (72x70x92)","https://www.divan.ru/category/velyurovye-kresla","Divan.ru","Moscow","Д72 Ш70 В92","0.70","0.92","0.72","24990","listings live","2026-08-24","1","0.076","yes","accent-armchair","velvet=y","multi","soft-modern","A","near-exact dims; velvet accent armchair form"
"chair","chairs","easy","divan.ru","2","Пайл","Кресло Пайл Велюр (76x82x81)","https://www.divan.ru/category/velyurovye-kresla","Divan.ru","Moscow","Д76 Ш82 В81","0.82","0.81","0.76","24990","listings live","2026-08-24","1","0.149","yes","armchair","velvet=y","no","soft-modern","B","slightly wider/lower; silhouette unverified"
"chair","chairs","easy","divan.ru","3","Коренс","Кресло Коренс Велюр (87x88x76)","https://www.divan.ru/category/velyurovye-kresla","Divan.ru","Moscow","Д87 Ш88 В76","0.88","0.76","0.87","25990","listings live","2026-08-24","1","0.136","yes","armchair","velvet=y","no","soft-modern","B","22% wider; otherwise close"
"sheenChair","chairs","medium","divan.ru","1","Мона","Кресло Мона Велюр (85x74x77)","https://www.divan.ru/category/velyurovye-kresla","Divan.ru","Moscow","Д85 Ш74 В77","0.74","0.77","0.85","21990","listings live","2026-08-24","1","0.174","yes","accent-low","velvet=y","no","soft-modern","B","low accent velvet close to sheen profile"
"sheenChair","chairs","medium","divan.ru","2","Венето","Кресло Венето Велюр (93x79x74)","https://www.divan.ru/category/velyurovye-kresla","Divan.ru","Moscow","Д93 Ш79 В74","0.79","0.74","0.93","24990","listings live","2026-08-24","1","0.193","yes","accent-low","velvet=y","no","soft-modern","C","depth axis off 39%"
"sheenChair","chairs","medium","divan.ru","3","Ларни","Кресло Ларни Велюр (72x70x92)","https://www.divan.ru/category/velyurovye-kresla","Divan.ru","Moscow","Д72 Ш70 В92","0.70","0.92","0.72","24990","listings live","2026-08-24","1","0.181","yes","accent-tall","velvet=y","no","soft","C","back much taller than low sheen form"
"nordicArmchair","chairs","hard","divan.ru","1","Мона","Кресло Мона Велюр (85x74x77)","https://www.divan.ru/category/velyurovye-kresla","Divan.ru","Moscow","Д85 Ш74 В77","0.74","0.77","0.85","21990","listings live","2026-08-24","1","0.281","no","accent","velvet=y","no","soft","C","asset H=0.50 ultra-low; nothing near in pool"
"nordicArmchair","chairs","hard","-","2","","none-found","","","","","","","","","not-found","2026-08-24","0","","no","","","","X","X","negative: ultra-low 0.5m loungers not present in searched mass-market pools"
"nordicArmchair","chairs","hard","-","3","","none-found","","","","","","","","","not-found","2026-08-24","0","","no","","","","X","X","no candidate retained"
"relaxArmchair","chairs","easy","divan.ru","1","Мона","Кресло Мона Велюр (85x74x77)","https://www.divan.ru/category/velyurovye-kresla","Divan.ru","Moscow","Д85 Ш74 В77","0.74","0.77","0.85","21990","listings live","2026-08-24","1","0.084","yes","armchair","velvet=y","no","soft","B","close dims; A withheld - silhouette unverified"
"relaxArmchair","chairs","easy","divan.ru","2","Ларни","Кресло Ларни (72x70x92)","https://www.divan.ru/category/velyurovye-kresla","Divan.ru","Moscow","Д72 Ш70 В92","0.70","0.92","0.72","24990","listings live","2026-08-24","1","0.152","yes","armchair","velvet=y","no","soft","B",
"relaxArmchair","chairs","easy","divan.ru","3","Пайл","Кресло Пайл (76x82x81)","https://www.divan.ru/category/velyurovye-kresla","Divan.ru","Moscow","Д76 Ш82 В81","0.82","0.81","0.76","24990","listings live","2026-08-24","1","0.155","yes","armchair","velvet=y","no","soft","B",
"chair_024","chairs","medium","divan.ru","1","Носта","Кресло Носта Велюр (79x90x107)","https://www.divan.ru/category/velyurovye-kresla","Divan.ru","Moscow","Д79 Ш90 В107","0.90","1.07","0.79","33990","listings live","2026-08-24","1","0.187","yes","tall-back","velvet=y","no","soft","B","tallest-back candidate; W 23% wider"
"chair_024","chairs","medium","divan.ru","2","Ларни","Кресло Ларни (72x70x92)","https://www.divan.ru/category/velyurovye-kresla","Divan.ru","Moscow","Д72 Ш70 В92","0.70","0.92","0.72","24990","listings live","2026-08-24","1","0.083","yes","armchair","velvet=y","no","soft","B","tighter dims but lower back than asset 1.14"
"chair_024","chairs","medium","divan.ru","3","Коренс","Кресло Коренс (87x88x76)","https://www.divan.ru/category/velyurovye-kresla","Divan.ru","Moscow","Д87 Ш88 В76","0.88","0.76","0.87","25990","listings live","2026-08-24","1","0.180","yes","armchair","velvet=y","no","soft","C","back 0.76 vs 1.14 - different posture class"
"chair_058","chairs","hard","divan.ru","1","Брера","Кресло Брера Велюр (132x88x75)","https://www.divan.ru/category/velyurovye-kresla","Divan.ru","Moscow","Д132 Ш88 В75","0.88","0.75","1.32","26990","listings live","2026-08-24","1","0.300","no","double-chair","velvet=y","no","soft","C","double-wide exists but depth class wrong for lounger"
"chair_058","chairs","hard","divan.ru","2","Мисл","Кресло Мисл (112x92x90)","https://www.divan.ru/category/velyurovye-kresla","Divan.ru","Moscow","Д112 Ш92 В90","0.92","0.90","1.12","37990","listings live","2026-08-24","1","0.299","no","armchair","velvet=y","no","soft","C",
"chair_058","chairs","hard","divan.ru","3","Льери-Мини","Кресло-кровать Льери Мини (92x105x85)","https://www.divan.ru/category/velyurovye-kresla","Divan.ru","Moscow","Д92 Ш105 В85","1.05","0.85","0.92","39990","listings live","2026-08-24","1","0.333","no","sleeper-chair","no","no","foldable","X","sleeper mechanism - not a lounger substitute"
"chair_066","chairs","hard","divan.ru","1","Мона","Кресло Мона (85x74x77)","https://www.divan.ru/category/velyurovye-kresla","Divan.ru","Moscow","Д85 Ш74 В77","0.74","0.77","0.85","21990","listings live","2026-08-24","1","0.281","no","lounge","velvet=y","no","soft","C","asset 0.54H low-wide; closest still too tall"
"chair_066","chairs","hard","divan.ru","2","Брера","Кресло Брера (132x88x75)","https://www.divan.ru/category/velyurovye-kresla","Divan.ru","Moscow","Д132 Ш88 В75","0.88","0.75","1.32","26990","listings live","2026-08-24","1","0.436","no","double","no","no","soft","X",
"chair_066","chairs","hard","divan.ru","3","Мисл","Кресло Мисл (112x92x90)","https://www.divan.ru/category/velyurovye-kresla","Divan.ru","Moscow","Д112 Ш92 В90","0.92","0.90","1.12","37990","listings live","2026-08-24","1","0.421","no","armchair","no","no","soft","X",
"chair_162","chairs","medium","divan.ru","1","Носта","Кресло Носта (79x90x107)","https://www.divan.ru/category/velyurovye-kresla","Divan.ru","Moscow","Д79 Ш90 В107","0.90","1.07","0.79","33990","listings live","2026-08-24","1","0.238","yes","tall-back","velvet=y","no","soft","C","W 41% wider than 0.64 asset"
"chair_162","chairs","medium","divan.ru","2","Ларни","Кресло Ларни (72x70x92)","https://www.divan.ru/category/velyurovye-kresla","Divan.ru","Moscow","Д72 Ш70 В92","0.70","0.92","0.72","24990","listings live","2026-08-24","1","0.164","yes","armchair","velvet=y","no","soft","C","back lower"
"chair_162","chairs","medium","divan.ru","3","Ансил","Кресло Ансил (85x90x78)","https://www.divan.ru/category/velyurovye-kresla","Divan.ru","Moscow","Д85 Ш90 В78","0.90","0.78","0.85","24990","listings live","2026-08-24","1","0.229","yes","armchair","velvet=y","no","soft","C",
"chair_041","chairs","hard","divan.ru","1","Носта","Кресло Носта (79x90x107)","https://www.divan.ru/category/velyurovye-kresla","Divan.ru","Moscow","Д79 Ш90 В107","0.90","1.07","0.79","33990","listings live","2026-08-24","1","0.274","no","tall-back","velvet=y","no","soft","C","asset H=1.38; tallest found 1.07"
"chair_041","chairs","hard","-","2","","none-found","","","","","","","","","not-found","2026-08-24","0","","no","","","","X","X","negative: no armchairs near 1.38m in pools"
"chair_041","chairs","hard","-","3","","none-found","","","","","","","","","not-found","2026-08-24","0","","no","","","","X","X","no candidate retained"
"chair_016","chairs","easy","divan.ru","1","Крит","Стул Крит Велюр (46x48x82)","https://www.divan.ru/category/magkie-stulay","Divan.ru","Moscow","Д46 Ш48 В82","0.48","0.82","0.46","7990","listings live","2026-08-24","1","0.137","yes","dining-chair","velvet=y","no","modern","B",
"chair_016","chairs","easy","divan.ru","2","Гвен","Стул Гвен Рогожка (44x54x87)","https://www.divan.ru/category/magkie-stulay","Divan.ru","Moscow","Д44 Ш54 В87","0.54","0.87","0.44","7590","listings live","2026-08-24","1","0.153","yes","dining-chair","no=no-fabric-diff","n/a","modern","B",
"chair_016","chairs","easy","divan.ru","3","Фишер","Стул Фишер Велюр (43x51x81)","https://www.divan.ru/category/magkie-stulay","Divan.ru","Moscow","Д43 Ш51 В81","0.51","0.81","0.43","12490","listings live","2026-08-24","1","0.187","yes","dining-chair","velvet=y","no","modern","B",
"chair_018","chairs","easy","divan.ru","1","Мейси","Стул Мейси Вельвет (58x59x85)","https://www.divan.ru/category/magkie-stulay","Divan.ru","Moscow","Д58 Ш59 В85","0.59","0.85","0.58","7990","listings live","2026-08-24","1","0.131","yes","dining-chair","velvet-family=y","no","modern","B",
"chair_018","chairs","easy","divan.ru","2","Никсон","Стул Никсон Рогожка (59x57x81)","https://www.divan.ru/category/magkie-stulay","Divan.ru","Moscow","Д59 Ш57 В81","0.57","0.81","0.59","7090","listings live","2026-08-24","1","0.116","yes","dining-chair","no","n/a","modern","B",
"chair_018","chairs","easy","divan.ru","3","Тиана","Стул Тиана Рогожка (52x64x85)","https://www.divan.ru/category/magkie-stulay","Divan.ru","Moscow","Д52 Ш64 В85","0.64","0.85","0.52","14990","listings live","2026-08-24","1","0.158","yes","dining-chair","no","n/a","modern","B",
"chair_019","chairs","easy","divan.ru","1","Мейси","Стул Мейси (58x59x85)","https://www.divan.ru/category/magkie-stulay","Divan.ru","Moscow","Д58 Ш59 В85","0.59","0.85","0.58","7990","listings live","2026-08-24","1","0.082","yes","dining-chair","velvet-family=y","no","modern","B",
"chair_019","chairs","easy","divan.ru","2","Никсон","Стул Никсон (59x57x81)","https://www.divan.ru/category/magkie-stulay","Divan.ru","Moscow","Д59 Ш57 В81","0.57","0.81","0.59","7090","listings live","2026-08-24","1","0.095","yes","dining-chair","no","n/a","modern","B",
"chair_019","chairs","easy","divan.ru","3","Берри","Стул Берри Шенилл (49x60x82)","https://www.divan.ru/category/magkie-stulay","Divan.ru","Moscow","Д49 Ш60 В82","0.60","0.82","0.49","17990","listings live","2026-08-24","1","0.133","yes","dining-chair","no","n/a","modern","B",
"chair_021","chairs","easy","divan.ru","1","Меган","Стул Меган Велюр (48x53x86)","https://www.divan.ru/category/magkie-stulay","Divan.ru","Moscow","Д48 Ш53 В86","0.53","0.86","0.48","15990","listings live","2026-08-24","1","0.115","yes","dining-chair","velvet=y","no","modern","B",
"chair_021","chairs","easy","divan.ru","2","Лион-1","Стул Лион-1 Велюр (48x53x86)","https://www.divan.ru/category/magkie-stulay","Divan.ru","Moscow","Д48 Ш53 В86","0.53","0.86","0.48","12990","listings live","2026-08-24","1","0.115","yes","dining-chair","velvet=y","no","modern","B",
"chair_021","chairs","easy","divan.ru","3","Мейси","Стул Мейси (58x59x85)","https://www.divan.ru/category/magkie-stulay","Divan.ru","Moscow","Д58 Ш59 В85","0.59","0.85","0.58","7990","listings live","2026-08-24","1","0.156","yes","dining-chair","velvet-family=y","no","modern","B",
"chair_022","chairs","easy","divan.ru","1","Меган","Стул Меган (48x53x86)","https://www.divan.ru/category/magkie-stulay","Divan.ru","Moscow","Д48 Ш53 В86","0.53","0.86","0.48","15990","listings live","2026-08-24","1","0.125","yes","dining-chair","velvet=y","no","modern","B",
"chair_022","chairs","easy","divan.ru","2","Лион-1","Стул Лион-1 (48x53x86)","https://www.divan.ru/category/magkie-stulay","Divan.ru","Moscow","Д48 Ш53 В86","0.53","0.86","0.48","12990","listings live","2026-08-24","1","0.125","yes","dining-chair","velvet=y","no","modern","B",
"chair_022","chairs","easy","divan.ru","3","Мейси","Стул Мейси (58x59x85)","https://www.divan.ru/category/magkie-stulay","Divan.ru","Moscow","Д58 Ш59 В85","0.59","0.85","0.58","7990","listings live","2026-08-24","1","0.131","yes","dining-chair","velvet-family=y","no","modern","B",
"chair_042","chairs","easy","divan.ru","1","Марти-2","Стул Марти-2 Велюр (49x53x82)","https://www.divan.ru/category/magkie-stulay","Divan.ru","Moscow","Д49 Ш53 В82","0.53","0.82","0.49","7990","listings live","2026-08-24","1","0.112","yes","dining-chair","velvet=y","no","natural-modern","B",
"chair_042","chairs","easy","divan.ru","2","Меган","Стул Меган (48x53x86)","https://www.divan.ru/category/magkie-stulay","Divan.ru","Moscow","Д48 Ш53 В86","0.53","0.86","0.48","15990","listings live","2026-08-24","1","0.131","yes","dining-chair","velvet=y","no","modern","B",
"chair_042","chairs","easy","divan.ru","3","Берри","Стул Берри (49x60x82)","https://www.divan.ru/category/magkie-stulay","Divan.ru","Moscow","Д49 Ш60 В82","0.60","0.82","0.49","17990","listings live","2026-08-24","1","0.129","yes","dining-chair","no","n/a","modern","B",
"chair_043","chairs","easy","divan.ru","1","Крит","Стул Крит (46x48x82)","https://www.divan.ru/category/magkie-stulay","Divan.ru","Moscow","Д46 Ш48 В82","0.48","0.82","0.46","7990","listings live","2026-08-24","1","0.077","yes","dining-chair","velvet=y","no","modern","B",
"chair_043","chairs","easy","divan.ru","2","Торвалль","Стул Торвалль (47x49x80)","https://www.divan.ru/category/magkie-stulay","Divan.ru","Moscow","Д47 Ш49 В80","0.49","0.80","0.47","4490","listings live","2026-08-24","1","0.084","yes","dining-chair","no","n/a","natural","B",
"chair_043","chairs","easy","divan.ru","3","Фишер","Стул Фишер (43x51x81)","https://www.divan.ru/category/magkie-stulay","Divan.ru","Moscow","Д43 Ш51 В81","0.51","0.81","0.43","12490","listings live","2026-08-24","1","0.123","yes","dining-chair","velvet=y","no","modern","B",
"chair_027","chairs","medium","divan.ru","1","Эрберт","Стул Эрберт Рогожка (74x91x83)","https://www.divan.ru/category/magkie-stulay","Divan.ru","Moscow","Д74 Ш91 В83","0.91","0.83","0.74","4490","listings live","2026-08-24","1","0.217","no","wide-carver","no","n/a","modern","C","asset 0.70W carver; closest 21% off mean"
"chair_027","chairs","medium","divan.ru","2","Джуди","Стул Джуди (59x59x84)","https://www.divan.ru/category/magkie-stulay","Divan.ru","Moscow","Д59 Ш59 В84","0.59","0.84","0.59","9990","listings live","2026-08-24","1","0.232","no","dining-chair","no","n/a","modern","C",
"chair_027","chairs","medium","divan.ru","3","Мейси","Стул Мейси (58x59x85)","https://www.divan.ru/category/magkie-stulay","Divan.ru","Moscow","Д58 Ш59 В85","0.59","0.85","0.58","7990","listings live","2026-08-24","1","0.214","no","dining-chair","no","n/a","modern","C",
"chair_035","chairs","hard","-","1","","none-found","","","","","","","","","not-found","2026-08-24","0","","no","","","","X","X","negative: no dining chairs near 1.41m height"
"chair_035","chairs","hard","divan.ru","2","Мейси","Стул Мейси","https://www.divan.ru/category/magkie-stulay","Divan.ru","Moscow","Д58 Ш59 В85","0.59","0.85","0.58","7990","listings live","2026-08-24","1","0.397","no","dining-chair","no","n/a","modern","X",
"chair_035","chairs","hard","divan.ru","3","Никсон","Стул Никсон","https://www.divan.ru/category/magkie-stulay","Divan.ru","Moscow","Д59 Ш57 В81","0.57","0.81","0.59","7090","listings live","2026-08-24","1","0.425","no","dining-chair","no","n/a","modern","X",
"chair_025","chairs","hard","divan.ru","1","Крит","Стул Крит (46x48x82)","https://www.divan.ru/category/magkie-stulay","Divan.ru","Moscow","Д46 Ш48 В82","0.48","0.82","0.46","7990","listings live","2026-08-24","1","0.178","yes","stool-chair","velvet=y","no","modern","C","asset is stool-height 0.71H; upright chairs wrong posture class"
"chair_025","chairs","hard","-","2","Валенсия-SN","Стул Валенсия SN (44x54x86.5)","https://stoolgroup.ru/stul-valensiya-sn-pechvork-ru/","Stool Group","Moscow","В86.5 Ш44 Г54","0.44","0.865","0.54","5190","in stock","2026-08-24","1","0.297","no","kitchen-chair","no","multi","modern","C",
"chair_025","chairs","hard","divan.ru","3","Мона","Кресло Мона (85x74x77)","https://www.divan.ru/category/velyurovye-kresla","Divan.ru","Moscow","Д85 Ш74 В77","0.74","0.77","0.85","21990","listings live","2026-08-24","1","0.289","yes","accent","no","no","soft","C",
"glassCoffeeTable","tables","medium","steklostol.ru","1","СХ-01","Журнальный стол СХ-01 стекло 1100x650x420","http://steklostol.ru/index.php?categoryID=155","","Moscow","ШхГхВ 1100x650x420 mm","1.10","0.42","0.65","9640","made-to-order shop","2026-08-24","1","0.066","yes","glass-rect","glass=y","no","loft","A","tight dims; same glass-rectangle family"
"glassCoffeeTable","tables","medium","lifemebel.ru","2","CT1-052","Журнальный столик CT1-052 стекло 110x60x45","https://lifemebel.ru/catalog/stoly/dlya_komnat/steklyannye_zhurnalnye_stoliki/pryamougolnye/","","Moscow","Д110 Ш60 В45","1.10","0.45","0.60","4840","in stock (""Много"")","2026-08-24","1","0.114","yes","glass-rect","glass=y","no","modern","B",
"glassCoffeeTable","tables","medium","steklostol.ru","3","ЖС-1","Журнальный стол ЖС-1 1100x560x530","http://steklostol.ru/index.php?categoryID=155","","Moscow","ШхГхВ 1100x560x530","1.10","0.53","0.56","8910","made-to-order","2026-08-24","1","0.197","yes","glass-rect","glass=y","no","loft","B",
"drawerSideTable","tables","hard","inmyroom.ru","1","Флумс","Приставной столик 50x30x30","https://www.inmyroom.ru/products/mebel/stoly/zhurnalnye-stoliki/m-steklo","","Moscow","50x30x30","0.50","0.30","0.50","11620","in stock","2026-08-24","1","unknown","n/a","side-table","glass=y","no","modern","C","asset D=0.31 shallow w/ drawers; pool lacked drawer side tables; dims partial"
"drawerSideTable","tables","hard","inmyroom.ru","2","Kumar","Придиванный столик Ø40x50","https://www.inmyroom.ru/products/mebel/stoly/zhurnalnye-stoliki/m-steklo","","Moscow","Ø40 H50","0.40","0.50","0.40","14772","in stock","2026-08-24","1","unknown","n/a","round-side","glass=y","brass","classic","C","round vs rect footprint"
"drawerSideTable","tables","hard","steklostol.ru","3","ЖС-15","Журнальный стол ЖС-15 600x400x530","http://steklostol.ru/index.php?categoryID=155","","Moscow","600x400x530","0.60","0.53","0.40","6940","made-to-order","2026-08-24","1","0.271","no","glass-rect","glass=y","no","modern","C",
"coffee_table","tables","medium","steklostol.ru","1","ЖС-5","Журнальный столик 800x800x530","http://steklostol.ru/index.php?categoryID=155","","Moscow","800x800x530","0.80","0.53","0.80","8680","made-to-order","2026-08-24","1","0.238","no","square","glass=y","no","modern","C","1.08m square scarce; 0.8m closest"
"coffee_table","tables","medium","inmyroom.ru","2","Гонконг","Круглый журнальный 80x80x45","https://www.inmyroom.ru/products/mebel/stoly/zhurnalnye-stoliki/m-steklo","","Moscow","80x80x45","0.80","0.45","0.80","65200","in stock","2026-08-24","1","0.279","no","round","glass=y","no","modern","C","round vs square silhouette"
"coffee_table","tables","medium","steklostol.ru","3","ЖС-19","Журнальный столик 600x600x530","http://steklostol.ru/index.php?categoryID=155","","Moscow","600x600x530","0.60","0.53","0.60","7690","made-to-order","2026-08-24","1","0.383","no","square","glass=y","no","modern","C",
"coffee_table_030","tables","hard","steklostol.ru","1","С-05","Столик 700x700x520","http://steklostol.ru/index.php?categoryID=155","","Moscow","700x700x520","0.70","0.52","0.70","13780","made-to-order","2026-08-24","1","0.363","no","square","glass=y","no","modern","C",
"coffee_table_030","tables","hard","steklostol.ru","2","ЖС-5","800x800x530","http://steklostol.ru/index.php?categoryID=155","","Moscow","800x800x530","0.80","0.53","0.80","8680","made-to-order","2026-08-24","1","0.332","no","square","glass=y","no","modern","C",
"coffee_table_030","tables","hard","inmyroom.ru","3","Гонконг","80x80x45 round","https://www.inmyroom.ru/products/mebel/stoly/zhurnalnye-stoliki/m-steklo","","Moscow","80x80x45","0.80","0.45","0.80","65200","in stock","2026-08-24","1","0.331","no","round","glass=y","no","modern","C",
"coffee_table_028","tables","hard","steklostol.ru","1","ЖС-1","1100x560x530","http://steklostol.ru/index.php?categoryID=155","","Moscow","1100x560x530","1.10","0.53","0.56","8910","made-to-order","2026-08-24","1","0.292","no","glass-rect","glass=y","no","loft","C","asset depth 1.53 bench-form absent on market"
"coffee_table_028","tables","hard","lifemebel.ru","2","CT1-052","110x60x45","https://lifemebel.ru/catalog/stoly/dlya_komnat/steklyannye_zhurnalnye_stoliki/pryamougolnye/","","Moscow","Д110 Ш60 В45","1.10","0.45","0.60","4840","in stock","2026-08-24","1","0.319","no","glass-rect","glass=y","no","modern","C",
"coffee_table_028","tables","hard","steklostol.ru","3","СХ-01","1100x650x420","http://steklostol.ru/index.php?categoryID=155","","Moscow","1100x650x420","1.10","0.42","0.65","9640","made-to-order","2026-08-24","1","0.344","no","glass-rect","glass=y","no","loft","X","no 1.5m-deep coffee tables exist in any pool - form likely mis-scaled asset"
"table","tables","easy","bestmebelik.ru","1","9","Стол №9 обеденный массив дуба 140x80x78","https://market.yandex.ru/category/stoly-140-na-80-sm-obedennyye","","Moscow","140x80x78","1.40","0.78","0.80","unknown","market listing","2026-08-24","1","0.033","yes","dining-solid-oak","oak=y","warm","natural","A","near-exact dims; solid oak matches asset wood family"
"table","tables","easy","good-mebel.com","2","Торонто-140","Обеденный стол Торонто 140 (стекло/ель)","https://good-mebel.com/category/stoly/obedennye-140h80-sm/","Good Mebel","Moscow","Д140 Г80 В75","1.40","0.75","0.80","29500","in stock 2-4 days","2026-08-24","1","0.025","yes","dining-rect","glass-top=n","no","modern","A","dims near-exact; top material differs (glass vs wood)"
"table","tables","easy","lifemebel.ru","3","Макс","Стол обеденный Макс 140x80x75","https://lifemebel.ru/catalog/stoly/dlya_kuhni/derevyannye/model/stol_obedennyy_max_140_kh_80_kh_75_sm_belyy_korichnevyy/","","Moscow","140x80x75","1.40","0.75","0.80","20720","in stock showroom","2026-08-24","1","0.025","yes","dining-wood","wood=y","white/brown","modern","A",
"work_table_002","tables","easy","bestmebelik.ru","1","Герцог","Стол раздвижной Герцог керамогранит 200x80 (74)","https://bestmebelik.ru/kuhonnye-stoly.html","","Moscow","ширина 200 высота 74 глубина 80","2.00","0.74","0.80","36330","in stock","2026-08-24","1","0.172","yes","dining-extending","ceramic=no","no","modern","B","extendable covers 1.4-2.0; base form matches"
"work_table_002","tables","easy","market.yandex.ru","2","Хилтон","Стол раскладной Хилтон керамика 140(200)x80","https://market.yandex.ru/category/stoly-140-na-80-sm-obedennyye","","Moscow","140(200)x80","1.40","unknown","0.80","45154","market listing","2026-08-24","1","0.107","yes","dining-extending","ceramic=no","no","modern","B","H not shown in snippet - unknown"
"work_table_002","tables","easy","market.yandex.ru","3","Daller-D140","Стол Daller D140 лофт дуб вотан","https://market.yandex.ru/category/stoly-140-na-80-sm-obedennyye","","Moscow","140х80х75","1.40","0.75","0.80","unknown","market listing","2026-08-24","1","0.144","yes","dining-loft","wood=y","dark","loft","B",
"work_table_017","tables","medium","bestmebelik.ru","1","Герцог","Герцог 200x80x74","https://bestmebelik.ru/kuhonnye-stoly.html","","Moscow","200x74x80","2.00","0.74","0.80","36330","in stock","2026-08-24","1","0.103","yes","dining-extending","ceramic=no","no","modern","B",
"work_table_017","tables","medium","store.giulianovars.ru","2","Industrial","Стол Industrial 2000x900x760","https://store.giulianovars.ru/product/stol_industrial/","Giulia Novars","Moscow","2000x900x760 mm","2.00","0.76","0.90","luxury","order-made","2026-08-24","1","0.109","yes","dining-loft","tamburato=no","metal","loft","B",
"work_table_017","tables","medium","store.giulianovars.ru","3","San-Remo","Стол San Remo 2000(+800)x1000","https://store.giulianovars.ru/product/stol_san_remo/","Giulia Novars","Moscow","2000(+800)x1000","2.00","unknown","1.00","luxury","order-made","2026-08-24","1","unknown","n/a","dining-minimalist","no","no","minimalist","B","H absent in snippet"
"work_table_005","tables","hard","bestmebelik.ru","1","Герцог","Герцог 200x80x74","https://bestmebelik.ru/kuhonnye-stoly.html","","Moscow","200x74x80","2.00","0.74","0.80","36330","in stock","2026-08-24","1","0.215","no","dining-extending","no","no","modern","C","asset depth 1.26 banquet - nothing comparable"
"work_table_005","tables","hard","store.giulianovars.ru","2","San-Remo","San Remo 2000x1000","https://store.giulianovars.ru/product/stol_san_remo/","Giulia Novars","Moscow","2000(+800)x1000","2.00","unknown","1.00","luxury","order-made","2026-08-24","1","unknown","n/a","minimalist","no","no","minimalist","C",
"work_table_005","tables","hard","-","3","","none-found","","","","","","","","","not-found","2026-08-24","0","","no","","","","X","X","negative: 1.26m-deep banquet tables not present"
"work_table_007","tables","hard","bestmebelik.ru","1","Герцог","Герцог 200x80x74","https://bestmebelik.ru/kuhonnye-stoly.html","","Moscow","200x74x80","2.00","0.74","0.80","36330","in stock","2026-08-24","1","0.215","no","dining-extending","no","no","modern","C","duplicate geometry of work_table_005 - same result expected and observed"
"work_table_007","tables","hard","store.giulianovars.ru","2","San-Remo","San Remo 2000x1000","https://store.giulianovars.ru/product/stol_san_remo/","Giulia Novars","Moscow","2000(+800)x1000","2.00","unknown","1.00","luxury","order-made","2026-08-24","1","unknown","n/a","minimalist","no","no","minimalist","C",
"work_table_007","tables","hard","-","3","","none-found","","","","","","","","","not-found","2026-08-24","0","","no","","","","X","X","no candidate retained"
"lowBookcase","tables","hard","stolline.ru","1","Рио-СТЛ135","Тумба под TV Рио 87.5x37x51","https://www.stolline.ru/catalog/gostinie/tumby/tumby_dlya_tv/","Stolline","Moscow","Ш87.5 В37 Г51","0.875","0.37","0.51","4050","in stock","2026-08-24","1","0.227","no","tv-lowboard","no","no","modern","C","asset is 0.88-high OPEN console; TV units are all H<=0.55"
"lowBookcase","tables","hard","stolline.ru","2","Алекс","Тумба под ТВ Алекс 100x43.7x40.3","https://www.stolline.ru/catalog/gostinie/tumby/tumby_dlya_tv/","Stolline","Moscow","100x43.7x40.3","1.00","0.437","0.403","3540","in stock","2026-08-24","1","0.226","no","tv-lowboard","no","no","modern","C",
"lowBookcase","tables","hard","stolline.ru","3","Тифани-СТЛ305","Тумба под ТВ Тифани 126x54.5x48","https://www.stolline.ru/catalog/gostinie/tumby/tumby_dlya_tv/","Stolline","Moscow","126x54.5x48","1.26","0.545","0.48","12960","in stock","2026-08-24","1","0.238","no","tv-lowboard","no","no","classic","C",
"cupboard_022","storage","hard","good-mebel.com","1","Борден-4-4","Шкаф-купе Борден-4-4 Премиум W180-360 H190-270 D40-70","https://www.shkaf-kupe.ru/category/shkafy-kupe-vysotoj-270-sm/","Вереск","Moscow","W up to 360 H to 270 D to 70 (configurable)","2.65","2.39","0.60","72610","made-to-order","2026-08-24","1","0.052","yes","sliding-wardrobe","no=no-info","panel","modern","B","configurable size covers asset dims; sliding vs hinged doors unverified; custom lead time"
"cupboard_022","storage","hard","stolline.ru","2","ТВМ-9","Тумба под ТВ ТВМ-9 220x39.3x36.8","https://www.stolline.ru/catalog/gostinie/tumby/tumby_dlya_tv/","Stolline","Moscow","220x39.3x36.8","2.20","0.393","0.368","13500","in stock","2026-08-24","1","0.452","no","tv-lowboard","no","no","modern","C",
"cupboard_022","storage","hard","stolline.ru","3","Онтарио","Тумба под ТВ Онтарио 180.8x54x44.9","https://www.stolline.ru/catalog/gostinie/tumby/tumby_dlya_tv/","Stolline","Moscow","180.8x54x44.9","1.808","0.54","0.449","18940","in stock","2026-08-24","1","0.383","no","tv-lowboard","no","no","modern","C",
"dresser_001","storage","medium","stolline.ru","1","ТВМ-9","ТВМ-9 220x39.3x36.8","https://www.stolline.ru/catalog/gostinie/tumby/tumby_dlya_tv/","Stolline","Moscow","220x39.3x36.8","2.20","0.393","0.368","13500","in stock","2026-08-24","1","0.286","no","long-lowboard","no","no","modern","C","asset H=0.75 dresser; TV units max H~0.55"
"dresser_001","storage","medium","stolline.ru","2","Альянс-190","Тумба 4 ящика Альянс 190x45.2x59.3","https://www.stolline.ru/catalog/gostinie/tumby/tumby_dlya_tv/","Stolline","Moscow","190x45.2x59.3","1.90","0.452","0.593","22100","in stock","2026-08-24","1","0.265","no","chest-tv","no","no","modern","C",
"dresser_001","storage","medium","stolline.ru","3","Онтарио","Онтарио 180.8x54x44.9","https://www.stolline.ru/catalog/gostinie/tumby/tumby_dlya_tv/","Stolline","Moscow","180.8x54x44.9","1.808","0.54","0.449","18940","in stock","2026-08-24","1","0.301","no","tv-lowboard","no","no","modern","C",
"cupboard_003","storage","medium","good-mebel.com","1","Борнео-М-3-2","Шкаф-купе Борнео W140-270 H270 D40-70","https://good-mebel.com/category/shkafy-kupe/vysotoj-270/","Good Mebel","Moscow","W140 H270 D~60 (configurable)","1.40","2.70","0.60","35990","made-to-order","2026-08-24","1","0.014","yes","sliding-wardrobe","no=no-info","panel","modern","A","configurable dims cover 138x271x72 nearly exactly; same tall-storage class"
"cupboard_003","storage","medium","bestmebelshop.ru","2","Мила-4А","Шкаф купе Мила 4А W1700-2400 H2200-2600 D400-600","https://www.bestmebelshop.ru/catalog/shkafy-kupe/category-shkaf-kupe-2700/","BMS","Moscow","W170-240 H220-260 D40-60","1.70","2.60","0.60","60690","made-to-order","2026-08-24","1","0.139","yes","sliding-wardrobe","no=no-info","panel","modern","B",
"cupboard_003","storage","medium","good-mebel.com","3","Монако-8","Шкаф-купе Монако-8 W120-270 H190-270","https://good-mebel.com/category/shkafy-kupe/vysotoj-270/","Good Mebel","Moscow","W120-270 H270 D40-70 configurable","1.20","2.70","0.60","from 15290","made-to-order","2026-08-24","1","0.076","yes","sliding-wardrobe","no=no-info","panel","modern","B",
"dresser","storage","easy","dimobile.md","1","Каролина-3","Тумба Каролина 3 массив дуба 480x650x400","https://dimobile.md/ru/35-komody-i-tumby/tumba-karolina-3-16437","Прогресс","Moscow","480x650x400 mm","0.48","0.65","0.40","~12200 (6092 MDL)","order","2026-08-24","1","0.271","no","chest-oak","oak=y","warm","classic","C","small chest exists but ~30% smaller than asset"
"dresser","storage","easy","stolline.ru","2","Рио-СТЛ135","Рио 87.5x37x51","https://www.stolline.ru/catalog/gostinie/tumby/tumby_dlya_tv/","Stolline","Moscow","87.5x37x51","0.875","0.37","0.51","4050","in stock","2026-08-24","1","0.252","no","tv-lowboard","no","no","modern","C",
"dresser","storage","easy","stolline.ru","3","Теви","Тумба Теви 90x40.4x30.3","https://www.stolline.ru/catalog/gostinie/tumby/tumby_dlya_tv/","Stolline","Moscow","90x40.4x30.3","0.90","0.404","0.303","4170","in stock","2026-08-24","1","0.413","no","tv-mini","no","no","modern","X",
"lamp","lamps","easy","inmyroom.ru","1","Palma","Торшер-тренога Palma 160x50x50","https://www.inmyroom.ru/osveschenie/torshery-i-napolnye-svetilniki","","Moscow","160x50x50 (H W D)","1.60","0.50","0.50","10290","in stock","2026-08-24","1","0.038","yes","shade-floor-lamp","fabric-shade=y","warm-gold","classic","A","tripod+shade classic floor lamp; dims near-exact"
"lamp","lamps","easy","inmyroom.ru","2","Sortino","Классический торшер Sortino 150x40x40","https://www.inmyroom.ru/osveschenie/torshery-i-napolnye-svetilniki","","Moscow","150x40x40","1.50","0.40","0.40","15119","in stock","2026-08-24","1","0.142","yes","shade-floor-lamp","fabric-shade=y","gold","classic","A",
"lamp","lamps","easy","inmyroom.ru","3","Yokon","Торшер-цилиндр Yokon 155x44x35","https://www.inmyroom.ru/osveschenie/torshery-i-napolnye-svetilniki","","Moscow","155x44x35","1.55","0.44","0.35","14708","in stock","2026-08-24","1","0.138","yes","cylinder-floor","metal=cyl","no","modern","B","cylinder shade vs soft cone"
"roundFloorLamp","lamps","easy","inmyroom.ru","1","Velante-486","Торшер Velante цилиндр 155x27","https://www.inmyroom.ru/osveschenie/torshery-i-napolnye-svetilniki","Velante","Moscow","155x27","1.55","0.27","unknown","unknown","in stock listing","2026-08-24","1","0.049","yes","slim-cylinder","metal=y","black","modern","B","D missing; slim cylinder close to slim round lamp"
"roundFloorLamp","lamps","easy","inmyroom.ru","2","Офелия","Офелия белый плафон H165","https://www.inmyroom.ru/osveschenie/torshery-i-napolnye-svetilniki","","Moscow","H165","1.65","unknown","unknown","4573","in stock","2026-08-24","1","0.012","yes","shade-floor","metal-white=y","beige","classic","B",
"roundFloorLamp","lamps","easy","inmyroom.ru","3","Jihana","Jihana лен H148","https://www.inmyroom.ru/osveschenie/torshery-i-napolnye-svetilniki","","Moscow","H148","1.48","unknown","unknown","10392","in stock","2026-08-24","1","0.092","yes","shade-floor","fabric-linen=y","dark-brass","classic","B",
"lamp_028","lamps","easy","inmyroom.ru","1","Bergamo","Bergamo абажур H170","https://www.inmyroom.ru/osveschenie/torshery-i-napolnye-svetilniki","","Moscow","H170","1.70","unknown","unknown","14820","in stock","2026-08-24","1","0.023","yes","shade-floor","fabric=y","grey","classic","B",
"lamp_028","lamps","easy","inmyroom.ru","2","Bluet","Bluet конус H160","https://www.inmyroom.ru/osveschenie/torshery-i-napolnye-svetilniki","","Moscow","160x45","1.60","0.45","unknown","unknown","in stock","2026-08-24","1","0.069","yes","cone-floor","fabric=y","blue","neoclassic","B",
"lamp_028","lamps","easy","inmyroom.ru","3","LSP-0506","Lussole акрил H178","https://www.inmyroom.ru/osveschenie/torshery-i-napolnye-svetilniki","Lussole","Moscow","H178","1.78","unknown","unknown","3293","in stock","2026-08-24","1","0.023","yes","acrylic-floor","acrylic=y","white","modern","B",
"lamp_036","lamps","hard","inmyroom.ru","1","Arco","Arco дуга мрамор 178x98x98","https://www.inmyroom.ru/osveschenie/torshery-i-napolnye-svetilniki","","Moscow","178x98x98","1.78","0.98","0.98","18531","in stock","2026-08-24","1","0.349","no","arc-marble","metal-marble=y","black","designer","C","arc form family matches; footprint double the asset"
"lamp_036","lamps","hard","inmyroom.ru","2","Nevada","Nevada кронштейн 210x140x40","https://www.inmyroom.ru/osveschenie/torshery-i-napolnye-svetilniki","","Moscow","210x140x40","2.10","0.40","1.40","14750","in stock","2026-08-24","1","0.390","no","swing-arm","no=no-info","black","modern","C",
"lamp_036","lamps","hard","inmyroom.ru","3","Birds-Origami","Birds Origami LED 175x42x25","https://www.inmyroom.ru/osveschenie/torshery-i-napolnye-svetilniki","","Moscow","175x42x25","1.75","0.42","0.25","10690","in stock","2026-08-24","1","0.283","no","polymer-panel","no","gold","designer","C","designer LED panel lamp - footprint class differs"
"lamp_048","lamps","hard","-","1","","none-found","","","","","","","","","not-found","2026-08-24","0","","no","","","","X","X","negative: 0.79m floor lamps do not exist; asset scale matches TABLE lamp - likely mislabeled role"
"lamp_048","lamps","hard","inmyroom.ru","2","Palma","Palma тренога 160x50x50","https://www.inmyroom.ru/osveschenie/torshery-i-napolnye-svetilniki","","Moscow","160x50x50","1.60","0.50","0.50","10290","in stock","2026-08-24","1","0.835","no","tripod","no=no-info","warm","classic","X",
"lamp_048","lamps","hard","tk-konstruktor.ru","3","Kyoto-MOD178","Maytoni Kyoto 22x22x145","https://tk-konstruktor.ru/catalog/osveshchenie/svetilniki-i-lyustry/torshery-i-napolnye-svetilniki/napolnyy-svetilnik-torsher-maytoni-mod178fl-l11w3k-845342585/","Maytoni","Moscow","Ш220 В1450 Г220 mm","0.22","1.45","0.22","23990","in stock 50 pcs","2026-08-24","1","0.583","no","column-led","metal-glass=y","white","modern","X",
"sofa_031","sofas","medium","kalibroom.ru","1","Ronny","Диван Ронни прямой 264 велюр","https://kalibroom.ru/catalog/divany/model-divan-ronny","Kalibroom","Moscow","264 см length only","2.64","unknown","unknown","161990","colors listed","2026-08-24","1","unknown","n/a","straight-sofa","velvet=y","multi","modern","B","closest width; H/D not exposed in snippet - cannot verify tall-back"
"sofa_031","sofas","medium","kalibroom.ru","2","KR-011559","Борген 248x111x92","https://kalibroom.ru/product/divan-borgen--novus-998--248x111x92--00016--ek","","Moscow","248x111x92","2.48","0.92","1.11","216568","in stock","2026-08-24","1","0.152","yes","eurobook","velvet=y","no","classic","B","back 0.92 vs asset 1.30 high-back class gap"
"sofa_031","sofas","medium","kalibroom.ru","3","KR-002777","Смуф 265x95x67 вариант","https://kalibroom.ru/product/divan-smooth--velutto-01--200x95x67--00023--wm","","Moscow","265x95x67 variant","2.65","0.67","0.95","159900","in stock variants","2026-08-24","1","0.290","no","straight-low","velvet=y","no","modern","C",
"sofa_033","sofas","hard","kalibroom.ru","1","Ronny","Ронни 264 велюр","https://kalibroom.ru/catalog/divany/model-divan-ronny","Kalibroom","Moscow","264 см","2.64","unknown","unknown","161990","colors listed","2026-08-24","1","0.332","no","straight-sofa","velvet=y","multi","modern","X","asset 3.95m; market straight sofas cap ~2.65m"
"sofa_033","sofas","hard","kalibroom.ru","2","KR-011559","Борген 258x111x92","https://kalibroom.ru/product/divan-borgen--velutto-23--258x111x92--00016--wm","","Moscow","258x111x92","2.58","0.92","1.11","176990","in stock","2026-08-24","1","0.351","no","eurobook","velvet=y","no","classic","X",
"sofa_033","sofas","hard","-","3","","none-found","","","","","","","","","not-found","2026-08-24","0","","no","","","","X","X","negative: 3.9m sofas absent from mass-market pools"
"sofa_036","sofas","easy","kalibroom.ru","1","Ronny","Ронни 264 велюр","https://kalibroom.ru/catalog/divany/model-divan-ronny","Kalibroom","Moscow","264 см","2.64","unknown","unknown","161990","colors listed","2026-08-24","1","unknown","n/a","straight-sofa","velvet=y","multi","modern","B",
"sofa_036","sofas","easy","kalibroom.ru","2","KR-011559","Борген 248x111x92","https://kalibroom.ru/product/divan-borgen--novus-998--248x111x92--00016--ek","","Moscow","248x111x92","2.48","0.92","1.11","216568","in stock","2026-08-24","1","0.152","yes","eurobook","velvet=y","no","classic","B",
"sofa_036","sofas","easy","kalibroom.ru","3","KR-001229","Тинэль 210x105x84","https://kalibroom.ru/product/pryamoy-divan-tinel--velutto-01--210x105x84--00057--wm","","Moscow","210x105x84","2.10","0.84","1.05","154900","in stock","2026-08-24","1","0.234","no","straight-sofa","velvet=y","no","modern","C",
"sofa_039","sofas","hard","kalibroom.ru","1","Ronny","Ронни 264","https://kalibroom.ru/catalog/divany/model-divan-ronny","Kalibroom","Moscow","264 см","2.64","unknown","unknown","161990","colors listed","2026-08-24","1","0.329","no","straight-sofa","velvet=y","multi","modern","X","3.93m asset; no long enough straight sofa found"
"sofa_039","sofas","hard","kalibroom.ru","2","KR-011559","Борген 258","https://kalibroom.ru/product/divan-borgen--velutto-23--258x111x92--00016--wm","","Moscow","258x111x92","2.58","0.92","1.11","176990","in stock","2026-08-24","1","0.347","no","eurobook","velvet=y","no","classic","X",
"sofa_039","sofas","hard","-","3","","none-found","","","","","","","","","not-found","2026-08-24","0","","no","","","","X","X","no candidate retained"
"sofa_040","sofas","easy","kalibroom.ru","1","KR-011559","Борген 248x111x92","https://kalibroom.ru/product/divan-borgen--novus-998--248x111x92--00016--ek","","Moscow","248x111x92","2.48","0.92","1.11","216568","in stock","2026-08-24","1","0.170","yes","eurobook","velvet=y","no","classic","B",
"sofa_040","sofas","easy","kalibroom.ru","2","Ronny","Ронни 264","https://kalibroom.ru/catalog/divany/model-divan-ronny","Kalibroom","Moscow","264 см","2.64","unknown","unknown","161990","colors listed","2026-08-24","1","unknown","n/a","straight-sofa","velvet=y","multi","modern","B",
"sofa_040","sofas","easy","kalibroom.ru","3","KR-001229","Тинэль 210x105x84","https://kalibroom.ru/product/pryamoy-divan-tinel--velutto-01--210x105x84--00057--wm","","Moscow","210x105x84","2.10","0.84","1.05","154900","in stock","2026-08-24","1","0.256","no","straight-sofa","velvet=y","no","modern","C",
"sofa_042","sofas","hard","kalibroom.ru","1","Ronny","Ронни 264","https://kalibroom.ru/catalog/divany/model-divan-ronny","Kalibroom","Moscow","264 см","2.64","unknown","unknown","161990","colors listed","2026-08-24","1","unknown","n/a","straight-sofa","velvet=y","multi","modern","B","width close (5%); depth/back unverifiable"
"sofa_042","sofas","hard","kalibroom.ru","2","KR-011559","Борген 248x111x92","https://kalibroom.ru/product/divan-borgen--novus-998--248x111x92--00016--ek","","Moscow","248x111x92","2.48","0.92","1.11","216568","in stock","2026-08-24","1","0.205","no","eurobook","velvet=y","no","classic","C","asset D=1.50 extreme"
"sofa_042","sofas","hard","kalibroom.ru","3","KR-006035","Нирвана 245x95x74","https://kalibroom.ru/product/divan-nirvana--velutto-02--245x95x74--00041--ek","","Moscow","245x95x74","2.45","0.74","0.95","163455","in stock","2026-08-24","1","0.281","no","eurobook","velvet=y","no","classic","C",
"chair_026","chairs","medium","divan.ru","1","Ларни","Кресло Ларни Велюр (72x70x92)","https://www.divan.ru/category/velyurovye-kresla","Divan.ru","Moscow","Д72 Ш70 В92","0.70","0.92","0.72","24990","listings live","2026-08-24","1","0.117","yes","accent-tall","velvet=y","multi","soft","B","narrow tall accent close to 0.65x1.20 asset"
"chair_026","chairs","medium","divan.ru","2","Ансил","Кресло Ансил Велюр (85x90x78)","https://www.divan.ru/category/velyurovye-kresla","Divan.ru","Moscow","Д85 Ш90 В78","0.90","0.78","0.85","24990","listings live","2026-08-24","1","0.199","yes","armchair","velvet=y","no","soft","B",
"chair_026","chairs","medium","divan.ru","3","Носта","Кресло Носта (79x90x107)","https://www.divan.ru/category/velyurovye-kresla","Divan.ru","Moscow","Д79 Ш90 В107","0.90","1.07","0.79","33990","listings live","2026-08-24","1","0.238","yes","tall-back","velvet=y","no","soft","C",
"nordicSofa","sofas","easy","kalibroom.ru","1","KR-002784","Диван прямой Смуф (белый велюр) 200x95x67","https://kalibroom.ru/product/divan-smooth--velutto-01--200x95x67--00023--wm","","Moscow","200x95x67","2.00","0.67","0.95","139900","in stock","2026-08-24","1","0.121","yes","straight-low-scandi","velvet=y","white/neutral","scandinavian","A","W err 1%; low-profile straight velvet matches scandi form"
"nordicSofa","sofas","easy","kalibroom.ru","2","KR-001229","Тинэль 210x105x84","https://kalibroom.ru/product/pryamoy-divan-tinel--velutto-01--210x105x84--00057--wm","","Moscow","210x105x84","2.10","0.84","1.05","154900","in stock","2026-08-24","1","0.208","no","straight-sofa","velvet=y","no","modern","B","depth 42% deeper than asset"
"nordicSofa","sofas","easy","kalibroom.ru","3","KR-003873","Штейген 220x105x85","https://kalibroom.ru/product/divan-steigen--premier-22--220x105x85--00009--wm","","Moscow","220x105x85","2.20","0.85","1.05","149900","in stock","2026-08-24","1","0.208","no","straight-sofa","velvet=y","blue","modern","B",
