assetId,sourceCategory,runtimeFilename,runtimeBytes,triangleCount,materialCount,textureCount,duplicateStatus,matchedWith
bathroom,bathroom,runtime-assets/bathroom.glb,93012,320,1,1,intentional_variant,
bathroom_001,bathroom,runtime-assets/bathroom_001.glb,90356,246,2,2,intentional_variant,
bathroom_002,bathroom,runtime-assets/bathroom_002.glb,11416,172,2,1,intentional_variant,
bathroom_003,bathroom,runtime-assets/bathroom_003.glb,143396,228,2,3,intentional_variant,
bathroom_004,bathroom,runtime-assets/bathroom_004.glb,140324,150,3,3,intentional_variant,
bathroom_005,bathroom,runtime-assets/bathroom_005.glb,212540,64,2,2,intentional_variant,
bathroom_006,bathroom,runtime-assets/bathroom_006.glb,97944,480,1,1,intentional_variant,
bathroom_007,bathroom,runtime-assets/bathroom_007.glb,107900,544,4,2,metric_near_duplicate_candidate,bathroom_029
bathroom_008,bathroom,runtime-assets/bathroom_008.glb,307252,582,5,4,intentional_variant,
bathroom_009,bathroom,runtime-assets/bathroom_009.glb,220056,130,3,3,intentional_variant,
bathroom_010,bathroom,runtime-assets/bathroom_010.glb,7572,60,2,1,intentional_variant,
bathroom_011,bathroom,runtime-assets/bathroom_011.glb,92108,224,2,2,intentional_variant,
bathroom_012,bathroom,runtime-assets/bathroom_012.glb,99868,370,3,2,intentional_variant,
bathroom_013,bathroom,runtime-assets/bathroom_013.glb,21168,344,1,1,intentional_variant,
bathroom_014,bathroom,runtime-assets/bathroom_014.glb,115620,800,5,2,intentional_variant,
bathroom_015,bathroom,runtime-assets/bathroom_015.glb,47300,992,3,1,intentional_variant,
bathroom_016,bathroom,runtime-assets/bathroom_016.glb,189896,1058,6,4,intentional_variant,
bathroom_017,bathroom,runtime-assets/bathroom_017.glb,102784,450,3,2,intentional_variant,
bathroom_018,bathroom,runtime-assets/bathroom_018.glb,96680,595,5,2,intentional_variant,
bathroom_019,bathroom,runtime-assets/bathroom_019.glb,155344,1659,5,2,intentional_variant,
bathroom_020,bathroom,runtime-assets/bathroom_020.glb,122468,834,5,2,metric_near_duplicate_candidate,bathroom_061
bathroom_021,bathroom,runtime-assets/bathroom_021.glb,548632,1284,5,6,intentional_variant,
bathroom_022,bathroom,runtime-assets/bathroom_022.glb,254928,1298,3,3,metric_near_duplicate_candidate,bathroom_030
bathroom_023,bathroom,runtime-assets/bathroom_023.glb,94240,289,3,2,intentional_variant,
bathroom_024,bathroom,runtime-assets/bathroom_024.glb,13036,217,2,1,intentional_variant,
bathroom_025,bathroom,runtime-assets/bathroom_025.glb,15484,258,2,1,intentional_variant,
bathroom_026,bathroom,runtime-assets/bathroom_026.glb,318472,552,5,4,intentional_variant,
bathroom_027,bathroom,runtime-assets/bathroom_027.glb,221888,180,2,3,intentional_variant,
bathroom_028,bathroom,runtime-assets/bathroom_028.glb,14312,228,1,1,intentional_variant,
bathroom_029,bathroom,runtime-assets/bathroom_029.glb,107900,544,4,2,metric_near_duplicate_candidate,bathroom_007
bathroom_030,bathroom,runtime-assets/bathroom_030.glb,254760,1298,3,3,metric_near_duplicate_candidate,bathroom_022
bathroom_031,bathroom,runtime-assets/bathroom_031.glb,13732,289,1,1,intentional_variant,
bathroom_032,bathroom,runtime-assets/bathroom_032.glb,20956,344,1,1,intentional_variant,
bathroom_033,bathroom,runtime-assets/bathroom_033.glb,105888,642,3,2,intentional_variant,
bathroom_034,bathroom,runtime-assets/bathroom_034.glb,82624,82,1,1,intentional_variant,
bathroom_060,bathroom,runtime-assets/bathroom_060.glb,203452,1298,3,3,intentional_variant,
bathroom_061,bathroom,runtime-assets/bathroom_061.glb,122468,834,5,2,metric_near_duplicate_candidate,bathroom_020
bathroom_062,bathroom,runtime-assets/bathroom_062.glb,152120,64,2,2,intentional_variant,
bed,bed,runtime-assets/bed.glb,95940,756,3,2,intentional_variant,
bed_016,bed,runtime-assets/bed_016.glb,264468,415,4,4,intentional_variant,
bed_017,bed,runtime-assets/bed_017.glb,143472,659,2,3,intentional_variant,
bed_018,bed,runtime-assets/bed_018.glb,531180,1660,4,5,intentional_variant,
bed_019,bed,runtime-assets/bed_019.glb,260456,1356,3,3,intentional_variant,
bed_020,bed,runtime-assets/bed_020.glb,286560,380,3,4,intentional_variant,
bed_021,bed,runtime-assets/bed_021.glb,844376,2098,6,8,intentional_variant,
bed_022,bed,runtime-assets/bed_022.glb,387432,1224,4,5,intentional_variant,
bed_023,bed,runtime-assets/bed_023.glb,103040,1373,3,2,intentional_variant,
bed_024,bed,runtime-assets/bed_024.glb,278704,1317,4,4,intentional_variant,
bed_025,bed,runtime-assets/bed_025.glb,835028,1248,7,8,intentional_variant,
bed_026,bed,runtime-assets/bed_026.glb,414280,882,4,5,intentional_variant,
bed_027,bed,runtime-assets/bed_027.glb,15812,332,1,1,intentional_variant,
bed_028,bed,runtime-assets/bed_028.glb,164584,578,3,4,intentional_variant,
bed_029,bed,runtime-assets/bed_029.glb,449508,808,4,6,intentional_variant,
bed_030,bed,runtime-assets/bed_030.glb,49092,1307,1,1,metric_near_duplicate_candidate,bed_036
bed_031,bed,runtime-assets/bed_031.glb,304260,1755,4,4,intentional_variant,
bed_032,bed,runtime-assets/bed_032.glb,246072,822,2,3,intentional_variant,
bed_033,bed,runtime-assets/bed_033.glb,24088,808,1,1,intentional_variant,
bed_034,bed,runtime-assets/bed_034.glb,37576,947,2,1,metric_near_duplicate_candidate,bed_035
bed_035,bed,runtime-assets/bed_035.glb,37576,947,2,1,metric_near_duplicate_candidate,bed_034
bed_036,bed,runtime-assets/bed_036.glb,49092,1307,1,1,metric_near_duplicate_candidate,bed_030
bed_059,bed,runtime-assets/bed_059.glb,260024,1660,3,3,intentional_variant,
carpet,carpet,runtime-assets/carpet.glb,173560,321,2,3,intentional_variant,
carpet_001,carpet,runtime-assets/carpet_001.glb,122240,184,2,3,intentional_variant,
carpet_002,carpet,runtime-assets/carpet_002.glb,149568,386,2,3,intentional_variant,
carpet_003,carpet,runtime-assets/carpet_003.glb,230468,189,2,3,intentional_variant,
carpet_004,carpet,runtime-assets/carpet_004.glb,120288,220,2,2,intentional_variant,
carpet_005,carpet,runtime-assets/carpet_005.glb,9752,189,1,1,metric_near_duplicate_candidate,carpet_020
carpet_007,carpet,runtime-assets/carpet_007.glb,11908,184,1,1,metric_near_duplicate_candidate,carpet_016
carpet_016,carpet,runtime-assets/carpet_016.glb,11836,184,1,1,metric_near_duplicate_candidate,carpet_007
carpet_017,carpet,runtime-assets/carpet_017.glb,14264,321,1,1,metric_near_duplicate_candidate,carpet_018
carpet_018,carpet,runtime-assets/carpet_018.glb,14264,321,1,1,metric_near_duplicate_candidate,carpet_017
carpet_020,carpet,runtime-assets/carpet_020.glb,9752,189,1,1,metric_near_duplicate_candidate,carpet_005
carpet_022,carpet,runtime-assets/carpet_022.glb,11908,184,1,1,metric_near_duplicate_candidate,carpet_007
carpet_029,carpet,runtime-assets/carpet_029.glb,11808,220,2,1,intentional_variant,
carpet_039,carpet,runtime-assets/carpet_039.glb,9756,189,1,1,metric_near_duplicate_candidate,carpet_005
carpet_053,carpet,runtime-assets/carpet_053.glb,9752,189,1,1,metric_near_duplicate_candidate,carpet_005
carpet_062,carpet,runtime-assets/carpet_062.glb,9752,189,1,1,metric_near_duplicate_candidate,carpet_005
carpet_067,carpet,runtime-assets/carpet_067.glb,9756,189,1,1,metric_near_duplicate_candidate,carpet_005
chair,chair,runtime-assets/chair.glb,654096,516,4,6,intentional_variant,
chair_001,chair,runtime-assets/chair_001.glb,8000,142,1,1,intentional_variant,
chair_002,chair,runtime-assets/chair_002.glb,9000,160,1,1,intentional_variant,
chair_003,chair,runtime-assets/chair_003.glb,8472,136,1,1,intentional_variant,
chair_004,chair,runtime-assets/chair_004.glb,8312,130,1,1,metric_near_duplicate_candidate,chair_005
chair_005,chair,runtime-assets/chair_005.glb,8308,130,1,1,metric_near_duplicate_candidate,chair_004
chair_006,chair,runtime-assets/chair_006.glb,7748,106,1,1,metric_near_duplicate_candidate,chair_007
chair_007,chair,runtime-assets/chair_007.glb,7744,106,1,1,metric_near_duplicate_candidate,chair_006
chair_008,chair,runtime-assets/chair_008.glb,96764,374,2,2,metric_near_duplicate_candidate,chair_048
chair_009,chair,runtime-assets/chair_009.glb,11752,232,1,1,intentional_variant,
chair_010,chair,runtime-assets/chair_010.glb,10788,258,1,1,metric_near_duplicate_candidate,chair_049
chair_011,chair,runtime-assets/chair_011.glb,528044,768,2,4,intentional_variant,
chair_012,chair,runtime-assets/chair_012.glb,14796,318,2,1,intentional_variant,
chair_013,chair,runtime-assets/chair_013.glb,225892,680,2,3,intentional_variant,
chair_014,chair,runtime-assets/chair_014.glb,95096,452,2,2,metric_near_duplicate_candidate,chair_050
chair_015,chair,runtime-assets/chair_015.glb,190876,346,2,3,intentional_variant,
chair_016,chair,runtime-assets/chair_016.glb,92984,248,3,2,intentional_variant,
chair_017,chair,runtime-assets/chair_017.glb,92604,354,2,2,intentional_variant,
chair_018,chair,runtime-assets/chair_018.glb,92060,322,2,2,intentional_variant,
chair_019,chair,runtime-assets/chair_019.glb,13860,278,1,1,intentional_variant,
chair_020,chair,runtime-assets/chair_020.glb,92080,400,2,2,intentional_variant,
chair_021,chair,runtime-assets/chair_021.glb,94564,442,2,2,intentional_variant,
chair_022,chair,runtime-assets/chair_022.glb,92148,360,2,2,intentional_variant,
chair_023,chair,runtime-assets/chair_023.glb,233628,376,1,2,intentional_variant,
chair_024,chair,runtime-assets/chair_024.glb,91220,380,2,2,intentional_variant,
chair_025,chair,runtime-assets/chair_025.glb,12668,180,2,1,intentional_variant,
chair_026,chair,runtime-assets/chair_026.glb,23064,452,1,1,metric_near_duplicate_candidate,chair_051
chair_027,chair,runtime-assets/chair_027.glb,31084,808,2,1,intentional_variant,
chair_028,chair,runtime-assets/chair_028.glb,256220,704,1,2,intentional_variant,
chair_029,chair,runtime-assets/chair_029.glb,332244,316,2,3,intentional_variant,
chair_030,chair,runtime-assets/chair_030.glb,237648,740,2,3,intentional_variant,
chair_031,chair,runtime-assets/chair_031.glb,330176,654,3,4,intentional_variant,
chair_032,chair,runtime-assets/chair_032.glb,277008,2684,3,3,intentional_variant,
chair_033,chair,runtime-assets/chair_033.glb,73584,1932,2,1,intentional_variant,
chair_034,chair,runtime-assets/chair_034.glb,234820,604,3,3,intentional_variant,
chair_035,chair,runtime-assets/chair_035.glb,236628,324,2,3,intentional_variant,
chair_036,chair,runtime-assets/chair_036.glb,223092,547,2,3,intentional_variant,
chair_037,chair,runtime-assets/chair_037.glb,100488,480,3,2,intentional_variant,
chair_038,chair,runtime-assets/chair_038.glb,20572,440,2,1,metric_near_duplicate_candidate,chair_157
chair_039,chair,runtime-assets/chair_039.glb,90772,348,2,2,metric_near_duplicate_candidate,chair_052
chair_040,chair,runtime-assets/chair_040.glb,242416,382,3,3,intentional_variant,
chair_041,chair,runtime-assets/chair_041.glb,220724,470,2,3,intentional_variant,
chair_042,chair,runtime-assets/chair_042.glb,16944,384,1,1,intentional_variant,
chair_043,chair,runtime-assets/chair_043.glb,13224,148,2,1,intentional_variant,
chair_044,chair,runtime-assets/chair_044.glb,117584,2758,2,1,intentional_variant,
chair_045,chair,runtime-assets/chair_045.glb,127332,2900,4,1,intentional_variant,
chair_046,chair,runtime-assets/chair_046.glb,536544,2236,2,4,intentional_variant,
chair_047,chair,runtime-assets/chair_047.glb,484592,520,3,5,intentional_variant,
chair_048,chair,runtime-assets/chair_048.glb,96764,374,2,2,metric_near_duplicate_candidate,chair_008
chair_049,chair,runtime-assets/chair_049.glb,10788,258,1,1,metric_near_duplicate_candidate,chair_010
chair_050,chair,runtime-assets/chair_050.glb,95096,452,2,2,metric_near_duplicate_candidate,chair_014
chair_051,chair,runtime-assets/chair_051.glb,23064,452,1,1,metric_near_duplicate_candidate,chair_026
chair_052,chair,runtime-assets/chair_052.glb,90772,348,2,2,metric_near_duplicate_candidate,chair_039
chair_058,chair,runtime-assets/chair_058.glb,103072,380,3,2,intentional_variant,
chair_066,chair,runtime-assets/chair_066.glb,13196,196,2,1,intentional_variant,
chair_156,chair,runtime-assets/chair_156.glb,90772,348,2,2,metric_near_duplicate_candidate,chair_039
chair_157,chair,runtime-assets/chair_157.glb,20572,440,2,1,metric_near_duplicate_candidate,chair_038
chair_162,chair,runtime-assets/chair_162.glb,250700,704,1,2,intentional_variant,
chair_227,chair,runtime-assets/chair_227.glb,184228,768,2,3,intentional_variant,
coffee_table,coffee,runtime-assets/coffee_table.glb,165912,436,1,2,intentional_variant,
coffee_table_024,coffee,runtime-assets/coffee_table_024.glb,208932,92,2,3,intentional_variant,
coffee_table_025,coffee,runtime-assets/coffee_table_025.glb,90768,240,2,1,intentional_variant,
coffee_table_026,coffee,runtime-assets/coffee_table_026.glb,230008,194,1,2,intentional_variant,
coffee_table_027,coffee,runtime-assets/coffee_table_027.glb,154588,106,1,2,intentional_variant,
coffee_table_028,coffee,runtime-assets/coffee_table_028.glb,9356,106,1,1,intentional_variant,
coffee_table_029,coffee,runtime-assets/coffee_table_029.glb,229340,436,2,3,intentional_variant,
coffee_table_030,coffee,runtime-assets/coffee_table_030.glb,12444,194,1,1,metric_near_duplicate_candidate,coffee_table_040
coffee_table_031,coffee,runtime-assets/coffee_table_031.glb,209732,194,1,2,intentional_variant,
coffee_table_032,coffee,runtime-assets/coffee_table_032.glb,215008,106,1,2,intentional_variant,
coffee_table_033,coffee,runtime-assets/coffee_table_033.glb,256212,968,2,3,intentional_variant,
coffee_table_034,coffee,runtime-assets/coffee_table_034.glb,263768,98,3,4,intentional_variant,
coffee_table_035,coffee,runtime-assets/coffee_table_035.glb,384052,464,3,5,intentional_variant,
coffee_table_036,coffee,runtime-assets/coffee_table_036.glb,229532,504,2,3,intentional_variant,
coffee_table_037,coffee,runtime-assets/coffee_table_037.glb,217216,140,2,3,intentional_variant,
coffee_table_038,coffee,runtime-assets/coffee_table_038.glb,88168,160,2,1,intentional_variant,
coffee_table_039,coffee,runtime-assets/coffee_table_039.glb,188968,208,2,3,intentional_variant,
coffee_table_040,coffee,runtime-assets/coffee_table_040.glb,12444,194,1,1,metric_near_duplicate_candidate,coffee_table_030
coffee_table_068,coffee,runtime-assets/coffee_table_068.glb,238824,436,1,2,intentional_variant,
cupboard,cupboard,runtime-assets/cupboard.glb,160268,192,2,3,intentional_variant,
cupboard_001,cupboard,runtime-assets/cupboard_001.glb,158528,116,3,3,intentional_variant,
cupboard_002,cupboard,runtime-assets/cupboard_002.glb,307496,106,3,4,intentional_variant,
cupboard_003,cupboard,runtime-assets/cupboard_003.glb,146032,288,3,3,intentional_variant,
cupboard_004,cupboard,runtime-assets/cupboard_004.glb,234104,206,2,3,intentional_variant,
cupboard_005,cupboard,runtime-assets/cupboard_005.glb,233972,228,2,3,intentional_variant,
cupboard_006,cupboard,runtime-assets/cupboard_006.glb,255780,582,2,3,intentional_variant,
cupboard_007,cupboard,runtime-assets/cupboard_007.glb,30832,696,1,1,intentional_variant,
cupboard_008,cupboard,runtime-assets/cupboard_008.glb,22788,356,2,1,intentional_variant,
cupboard_009,cupboard,runtime-assets/cupboard_009.glb,553028,822,5,6,metric_near_duplicate_candidate,cupboard_082
cupboard_010,cupboard,runtime-assets/cupboard_010.glb,424072,306,4,6,intentional_variant,
cupboard_011,cupboard,runtime-assets/cupboard_011.glb,441060,126,3,5,intentional_variant,
cupboard_012,cupboard,runtime-assets/cupboard_012.glb,445064,216,3,5,intentional_variant,
cupboard_013,cupboard,runtime-assets/cupboard_013.glb,306992,36,3,4,intentional_variant,
cupboard_014,cupboard,runtime-assets/cupboard_014.glb,13772,172,3,1,intentional_variant,
cupboard_015,cupboard,runtime-assets/cupboard_015.glb,185296,154,2,3,intentional_variant,
cupboard_016,cupboard,runtime-assets/cupboard_016.glb,14460,222,2,1,intentional_variant,
cupboard_017,cupboard,runtime-assets/cupboard_017.glb,17564,256,3,1,intentional_variant,
cupboard_018,cupboard,runtime-assets/cupboard_018.glb,7024,60,1,1,metric_near_duplicate_candidate,cupboard_023
cupboard_019,cupboard,runtime-assets/cupboard_019.glb,168300,248,3,3,intentional_variant,
cupboard_020,cupboard,runtime-assets/cupboard_020.glb,257968,824,1,2,intentional_variant,
cupboard_021,cupboard,runtime-assets/cupboard_021.glb,522032,1252,4,6,intentional_variant,
cupboard_022,cupboard,runtime-assets/cupboard_022.glb,85384,1212,2,1,metric_near_duplicate_candidate,cupboard_024
cupboard_023,cupboard,runtime-assets/cupboard_023.glb,7024,60,1,1,metric_near_duplicate_candidate,cupboard_018
cupboard_024,cupboard,runtime-assets/cupboard_024.glb,85384,1212,2,1,metric_near_duplicate_candidate,cupboard_022
cupboard_025,cupboard,runtime-assets/cupboard_025.glb,11668,172,1,1,intentional_variant,
cupboard_038,cupboard,runtime-assets/cupboard_038.glb,88696,106,2,2,intentional_variant,
cupboard_059,cupboard,runtime-assets/cupboard_059.glb,235464,154,2,3,intentional_variant,
cupboard_069,cupboard,runtime-assets/cupboard_069.glb,221468,192,2,3,intentional_variant,
cupboard_070,cupboard,runtime-assets/cupboard_070.glb,212352,192,2,3,intentional_variant,
cupboard_082,cupboard,runtime-assets/cupboard_082.glb,553032,822,5,6,metric_near_duplicate_candidate,cupboard_009
curtain_003,curtain,runtime-assets/curtain_003.glb,7068,132,1,1,metric_near_duplicate_candidate,curtain_004
curtain_004,curtain,runtime-assets/curtain_004.glb,7068,132,1,1,metric_near_duplicate_candidate,curtain_003
curtain_005,curtain,runtime-assets/curtain_005.glb,23336,764,2,1,metric_near_duplicate_candidate,curtain_008
curtain_006,curtain,runtime-assets/curtain_006.glb,26520,872,2,1,metric_near_duplicate_candidate,curtain_030
curtain_007,curtain,runtime-assets/curtain_007.glb,7068,132,1,1,metric_near_duplicate_candidate,curtain_003
curtain_008,curtain,runtime-assets/curtain_008.glb,23340,764,2,1,metric_near_duplicate_candidate,curtain_005
curtain_009,curtain,runtime-assets/curtain_009.glb,23380,764,2,1,metric_near_duplicate_candidate,curtain_005
curtain_010,curtain,runtime-assets/curtain_010.glb,23484,764,2,1,metric_near_duplicate_candidate,curtain_005
curtain_011,curtain,runtime-assets/curtain_011.glb,23524,764,2,1,metric_near_duplicate_candidate,curtain_005
curtain_012,curtain,runtime-assets/curtain_012.glb,35708,760,1,1,intentional_variant,
curtain_014,curtain,runtime-assets/curtain_014.glb,25904,540,1,1,intentional_variant,
curtain_015,curtain,runtime-assets/curtain_015.glb,18064,364,1,1,intentional_variant,
curtain_030,curtain,runtime-assets/curtain_030.glb,26484,872,2,1,metric_near_duplicate_candidate,curtain_006
curtain_031,curtain,runtime-assets/curtain_031.glb,26520,872,2,1,metric_near_duplicate_candidate,curtain_006
curtain_032,curtain,runtime-assets/curtain_032.glb,227688,132,1,2,intentional_variant,
curtain_033,curtain,runtime-assets/curtain_033.glb,23484,764,2,1,metric_near_duplicate_candidate,curtain_005
curtain_034,curtain,runtime-assets/curtain_034.glb,23524,764,2,1,metric_near_duplicate_candidate,curtain_005
curtain_035,curtain,runtime-assets/curtain_035.glb,7068,132,1,1,metric_near_duplicate_candidate,curtain_003
curtain_044,curtain,runtime-assets/curtain_044.glb,26484,872,2,1,metric_near_duplicate_candidate,curtain_006
curtain_045,curtain,runtime-assets/curtain_045.glb,26520,872,2,1,metric_near_duplicate_candidate,curtain_006
curtain_047,curtain,runtime-assets/curtain_047.glb,23340,764,2,1,metric_near_duplicate_candidate,curtain_005
curtain_048,curtain,runtime-assets/curtain_048.glb,23380,764,2,1,metric_near_duplicate_candidate,curtain_005
curtain_049,curtain,runtime-assets/curtain_049.glb,7068,132,1,1,metric_near_duplicate_candidate,curtain_003
curtain_050,curtain,runtime-assets/curtain_050.glb,7068,132,1,1,metric_near_duplicate_candidate,curtain_003
curtain_067,curtain,runtime-assets/curtain_067.glb,23336,764,2,1,metric_near_duplicate_candidate,curtain_005
curtain_074,curtain,runtime-assets/curtain_074.glb,19104,364,2,1,intentional_variant,
curtain_076,curtain,runtime-assets/curtain_076.glb,36456,760,2,1,intentional_variant,
curtain_077,curtain,runtime-assets/curtain_077.glb,26816,540,2,1,intentional_variant,
curtain_085,curtain,runtime-assets/curtain_085.glb,13344,444,1,1,intentional_variant,
door,door,runtime-assets/door.glb,193756,316,3,3,intentional_variant,
door_027,door,runtime-assets/door_027.glb,225780,28,1,2,metric_near_duplicate_candidate,door_036
door_028,door,runtime-assets/door_028.glb,237688,204,2,3,metric_near_duplicate_candidate,door_037
door_029,door,runtime-assets/door_029.glb,4876,24,1,1,metric_near_duplicate_candidate,door_053
door_030,door,runtime-assets/door_030.glb,5104,30,1,1,metric_near_duplicate_candidate,door_039
door_031,door,runtime-assets/door_031.glb,177612,30,1,2,metric_near_duplicate_candidate,door_052
door_032,door,runtime-assets/door_032.glb,201280,428,3,3,intentional_variant,
door_033,door,runtime-assets/door_033.glb,222720,204,2,3,intentional_variant,
door_034,door,runtime-assets/door_034.glb,201744,28,1,2,intentional_variant,
door_035,door,runtime-assets/door_035.glb,213604,204,2,3,intentional_variant,
door_036,door,runtime-assets/door_036.glb,227828,28,1,2,metric_near_duplicate_candidate,door_027
door_037,door,runtime-assets/door_037.glb,239736,204,2,3,metric_near_duplicate_candidate,door_028
door_038,door,runtime-assets/door_038.glb,24940,428,3,1,metric_near_duplicate_candidate,door_040
door_039,door,runtime-assets/door_039.glb,5108,30,1,1,metric_near_duplicate_candidate,door_030
door_040,door,runtime-assets/door_040.glb,24940,428,3,1,metric_near_duplicate_candidate,door_038
door_041,door,runtime-assets/door_041.glb,5108,30,1,1,metric_near_duplicate_candidate,door_030
door_042,door,runtime-assets/door_042.glb,191380,204,2,3,metric_near_duplicate_candidate,door_047
door_043,door,runtime-assets/door_043.glb,177660,28,1,2,intentional_variant,
door_044,door,runtime-assets/door_044.glb,179476,28,1,2,intentional_variant,
door_045,door,runtime-assets/door_045.glb,162296,204,2,3,intentional_variant,
door_046,door,runtime-assets/door_046.glb,221892,28,1,2,intentional_variant,
door_047,door,runtime-assets/door_047.glb,189524,204,2,3,metric_near_duplicate_candidate,door_042
door_048,door,runtime-assets/door_048.glb,150392,28,1,2,intentional_variant,
door_049,door,runtime-assets/door_049.glb,233752,204,2,3,intentional_variant,
door_050,door,runtime-assets/door_050.glb,210812,28,1,2,intentional_variant,
door_051,door,runtime-assets/door_051.glb,5104,30,1,1,metric_near_duplicate_candidate,door_030
door_052,door,runtime-assets/door_052.glb,177612,30,1,2,metric_near_duplicate_candidate,door_031
door_053,door,runtime-assets/door_053.glb,4876,24,1,1,metric_near_duplicate_candidate,door_029
door_054,door,runtime-assets/door_054.glb,177380,24,1,2,intentional_variant,
door_055,door,runtime-assets/door_055.glb,17800,316,2,1,metric_near_duplicate_candidate,door_059
door_056,door,runtime-assets/door_056.glb,15792,284,2,1,metric_near_duplicate_candidate,door_058
door_057,door,runtime-assets/door_057.glb,191104,284,2,3,intentional_variant,
door_058,door,runtime-assets/door_058.glb,15792,284,2,1,metric_near_duplicate_candidate,door_056
door_059,door,runtime-assets/door_059.glb,17800,316,2,1,metric_near_duplicate_candidate,door_055
dresser,dresser,runtime-assets/dresser.glb,13664,232,2,1,intentional_variant,
dresser_001,dresser,runtime-assets/dresser_001.glb,236988,272,1,2,intentional_variant,
dresser_002,dresser,runtime-assets/dresser_002.glb,428704,360,3,5,intentional_variant,
dresser_003,dresser,runtime-assets/dresser_003.glb,221948,232,2,3,intentional_variant,
dresser_004,dresser,runtime-assets/dresser_004.glb,862604,184,5,9,intentional_variant,
dresser_005,dresser,runtime-assets/dresser_005.glb,13472,168,2,1,intentional_variant,
dresser_006,dresser,runtime-assets/dresser_006.glb,8328,128,1,1,intentional_variant,
dresser_007,dresser,runtime-assets/dresser_007.glb,154732,130,1,2,intentional_variant,
dresser_008,dresser,runtime-assets/dresser_008.glb,226256,274,3,3,intentional_variant,
dresser_009,dresser,runtime-assets/dresser_009.glb,227772,174,1,2,intentional_variant,
dresser_010,dresser,runtime-assets/dresser_010.glb,37072,770,1,1,intentional_variant,
dresser_011,dresser,runtime-assets/dresser_011.glb,205916,670,3,3,intentional_variant,
dresser_012,dresser,runtime-assets/dresser_012.glb,238660,824,2,3,intentional_variant,
dresser_013,dresser,runtime-assets/dresser_013.glb,42820,924,2,1,intentional_variant,
dresser_014,dresser,runtime-assets/dresser_014.glb,244160,610,3,3,intentional_variant,
dresser_015,dresser,runtime-assets/dresser_015.glb,440400,168,3,5,intentional_variant,
dresser_016,dresser,runtime-assets/dresser_016.glb,247020,420,2,3,intentional_variant,
dresser_017,dresser,runtime-assets/dresser_017.glb,337364,112,3,5,intentional_variant,
dresser_018,dresser,runtime-assets/dresser_018.glb,230432,384,2,3,intentional_variant,
dresser_019,dresser,runtime-assets/dresser_019.glb,223732,228,2,3,intentional_variant,
dresser_020,dresser,runtime-assets/dresser_020.glb,227084,306,2,3,intentional_variant,
dresser_021,dresser,runtime-assets/dresser_021.glb,12248,194,2,1,intentional_variant,
dresser_022,dresser,runtime-assets/dresser_022.glb,234512,458,3,3,intentional_variant,
dresser_023,dresser,runtime-assets/dresser_023.glb,298376,378,4,4,intentional_variant,
dresser_024,dresser,runtime-assets/dresser_024.glb,171444,324,3,3,intentional_variant,
dresser_025,dresser,runtime-assets/dresser_025.glb,341828,216,3,5,intentional_variant,
dresser_026,dresser,runtime-assets/dresser_026.glb,8040,128,1,1,metric_near_duplicate_candidate,dresser_027
dresser_027,dresser,runtime-assets/dresser_027.glb,8040,128,1,1,metric_near_duplicate_candidate,dresser_026
dresser_028,dresser,runtime-assets/dresser_028.glb,8040,128,1,1,metric_near_duplicate_candidate,dresser_026
dresser_029,dresser,runtime-assets/dresser_029.glb,37292,824,2,1,intentional_variant,
dresser_030,dresser,runtime-assets/dresser_030.glb,36132,824,1,1,intentional_variant,
dresser_031,dresser,runtime-assets/dresser_031.glb,35720,610,2,1,intentional_variant,
dresser_083,dresser,runtime-assets/dresser_083.glb,213216,232,2,3,intentional_variant,
dresser_084,dresser,runtime-assets/dresser_084.glb,235048,610,3,3,intentional_variant,
dresser_085,dresser,runtime-assets/dresser_085.glb,225468,458,3,3,intentional_variant,
electronics,electronics,runtime-assets/electronics.glb,6892,60,2,1,intentional_variant,
electronics_027,electronics,runtime-assets/electronics_027.glb,40200,640,3,1,intentional_variant,
electronics_028,electronics,runtime-assets/electronics_028.glb,35596,566,3,1,intentional_variant,
electronics_029,electronics,runtime-assets/electronics_029.glb,125460,932,6,2,intentional_variant,
electronics_030,electronics,runtime-assets/electronics_030.glb,236324,820,5,3,intentional_variant,
electronics_031,electronics,runtime-assets/electronics_031.glb,234244,500,5,4,intentional_variant,
electronics_032,electronics,runtime-assets/electronics_032.glb,34228,514,3,1,intentional_variant,
electronics_033,electronics,runtime-assets/electronics_033.glb,14140,182,3,1,intentional_variant,
electronics_034,electronics,runtime-assets/electronics_034.glb,27028,608,2,1,intentional_variant,
electronics_035,electronics,runtime-assets/electronics_035.glb,32168,638,5,1,intentional_variant,
electronics_036,electronics,runtime-assets/electronics_036.glb,125156,986,6,2,intentional_variant,
electronics_037,electronics,runtime-assets/electronics_037.glb,121852,932,3,2,intentional_variant,
electronics_038,electronics,runtime-assets/electronics_038.glb,97268,276,4,2,intentional_variant,
electronics_039,electronics,runtime-assets/electronics_039.glb,27672,600,2,1,intentional_variant,
electronics_040,electronics,runtime-assets/electronics_040.glb,118040,696,4,2,metric_near_duplicate_candidate,electronics_053
electronics_041,electronics,runtime-assets/electronics_041.glb,32124,442,3,1,metric_near_duplicate_candidate,electronics_042
electronics_042,electronics,runtime-assets/electronics_042.glb,32124,442,3,1,metric_near_duplicate_candidate,electronics_041
electronics_043,electronics,runtime-assets/electronics_043.glb,100044,380,4,2,intentional_variant,
electronics_044,electronics,runtime-assets/electronics_044.glb,97468,340,4,2,intentional_variant,
electronics_045,electronics,runtime-assets/electronics_045.glb,95736,324,4,2,metric_near_duplicate_candidate,electronics_048
electronics_046,electronics,runtime-assets/electronics_046.glb,26344,600,1,1,intentional_variant,
electronics_047,electronics,runtime-assets/electronics_047.glb,25348,600,1,1,intentional_variant,
electronics_048,electronics,runtime-assets/electronics_048.glb,95736,324,4,2,metric_near_duplicate_candidate,electronics_045
electronics_049,electronics,runtime-assets/electronics_049.glb,9352,116,2,1,intentional_variant,
electronics_053,electronics,runtime-assets/electronics_053.glb,118040,696,4,2,metric_near_duplicate_candidate,electronics_040
entertainment,entertainment,runtime-assets/entertainment.glb,52396,912,1,1,intentional_variant,
entertainment_011,entertainment,runtime-assets/entertainment_011.glb,31704,556,3,1,intentional_variant,
entertainment_025,entertainment,runtime-assets/entertainment_025.glb,38332,914,4,1,intentional_variant,
entertainment_031,entertainment,runtime-assets/entertainment_031.glb,63944,384,4,2,intentional_variant,
entertainment_032,entertainment,runtime-assets/entertainment_032.glb,14864,220,3,1,intentional_variant,
entertainment_033,entertainment,runtime-assets/entertainment_033.glb,17668,252,2,1,intentional_variant,
entertainment_034,entertainment,runtime-assets/entertainment_034.glb,14500,210,3,1,intentional_variant,
entertainment_035,entertainment,runtime-assets/entertainment_035.glb,218676,314,4,3,intentional_variant,
entertainment_036,entertainment,runtime-assets/entertainment_036.glb,416748,7046,3,2,intentional_variant,
entertainment_037,entertainment,runtime-assets/entertainment_037.glb,231600,582,4,3,intentional_variant,
entertainment_038,entertainment,runtime-assets/entertainment_038.glb,240712,582,4,3,intentional_variant,
entertainment_039,entertainment,runtime-assets/entertainment_039.glb,112604,2196,4,1,intentional_variant,
entertainment_040,entertainment,runtime-assets/entertainment_040.glb,663776,1836,6,7,intentional_variant,
entertainment_041,entertainment,runtime-assets/entertainment_041.glb,76924,1186,3,1,intentional_variant,
entertainment_042,entertainment,runtime-assets/entertainment_042.glb,242400,328,2,3,intentional_variant,
entertainment_043,entertainment,runtime-assets/entertainment_043.glb,50904,1166,3,1,intentional_variant,
entertainment_044,entertainment,runtime-assets/entertainment_044.glb,240268,866,4,3,intentional_variant,
entertainment_045,entertainment,runtime-assets/entertainment_045.glb,215740,1348,3,3,intentional_variant,
entertainment_046,entertainment,runtime-assets/entertainment_046.glb,247692,338,4,3,intentional_variant,
entertainment_047,entertainment,runtime-assets/entertainment_047.glb,241820,210,4,3,intentional_variant,
floor,floor,runtime-assets/floor.glb,160060,2,1,2,metric_near_duplicate_candidate,floor_020
floor_006,floor,runtime-assets/floor_006.glb,95324,2,1,2,metric_near_duplicate_candidate,floor_024
floor_020,floor,runtime-assets/floor_020.glb,161592,2,1,2,metric_near_duplicate_candidate,floor
floor_021,floor,runtime-assets/floor_021.glb,168400,2,1,2,metric_near_duplicate_candidate,floor_039
floor_022,floor,runtime-assets/floor_022.glb,228828,2,1,2,metric_near_duplicate_candidate,floor_040
floor_023,floor,runtime-assets/floor_023.glb,155428,2,1,2,metric_near_duplicate_candidate,floor_041
floor_024,floor,runtime-assets/floor_024.glb,95324,2,1,2,metric_near_duplicate_candidate,floor_006
floor_025,floor,runtime-assets/floor_025.glb,166140,2,1,2,metric_near_duplicate_candidate,floor_042
floor_026,floor,runtime-assets/floor_026.glb,175648,2,1,2,metric_near_duplicate_candidate,floor_078
floor_027,floor,runtime-assets/floor_027.glb,181688,2,1,2,metric_near_duplicate_candidate,floor_043
floor_028,floor,runtime-assets/floor_028.glb,73072,2,1,2,metric_near_duplicate_candidate,floor_044
floor_029,floor,runtime-assets/floor_029.glb,159792,2,1,2,metric_near_duplicate_candidate,floor
floor_030,floor,runtime-assets/floor_030.glb,150688,2,1,2,metric_near_duplicate_candidate,floor_034
floor_031,floor,runtime-assets/floor_031.glb,143160,2,1,2,metric_near_duplicate_candidate,floor_047
floor_032,floor,runtime-assets/floor_032.glb,152332,2,1,2,metric_near_duplicate_candidate,floor_034
floor_033,floor,runtime-assets/floor_033.glb,194316,2,1,2,metric_near_duplicate_candidate,floor_049
floor_034,floor,runtime-assets/floor_034.glb,152104,2,1,2,metric_near_duplicate_candidate,floor_030
floor_035,floor,runtime-assets/floor_035.glb,89944,2,1,2,metric_near_duplicate_candidate,floor_051
floor_036,floor,runtime-assets/floor_036.glb,150292,2,1,2,metric_near_duplicate_candidate,floor_030
floor_037,floor,runtime-assets/floor_037.glb,164380,2,1,2,metric_near_duplicate_candidate,floor_053
floor_038,floor,runtime-assets/floor_038.glb,161592,2,1,2,metric_near_duplicate_candidate,floor
floor_039,floor,runtime-assets/floor_039.glb,168400,2,1,2,metric_near_duplicate_candidate,floor_021
floor_040,floor,runtime-assets/floor_040.glb,228828,2,1,2,metric_near_duplicate_candidate,floor_022
floor_041,floor,runtime-assets/floor_041.glb,155432,2,1,2,metric_near_duplicate_candidate,floor_023
floor_042,floor,runtime-assets/floor_042.glb,166140,2,1,2,metric_near_duplicate_candidate,floor_025
floor_043,floor,runtime-assets/floor_043.glb,181688,2,1,2,metric_near_duplicate_candidate,floor_027
floor_044,floor,runtime-assets/floor_044.glb,73072,2,1,2,metric_near_duplicate_candidate,floor_028
floor_045,floor,runtime-assets/floor_045.glb,159796,2,1,2,metric_near_duplicate_candidate,floor
floor_046,floor,runtime-assets/floor_046.glb,150688,2,1,2,metric_near_duplicate_candidate,floor_030
floor_047,floor,runtime-assets/floor_047.glb,143160,2,1,2,metric_near_duplicate_candidate,floor_031
floor_048,floor,runtime-assets/floor_048.glb,152332,2,1,2,metric_near_duplicate_candidate,floor_032
floor_049,floor,runtime-assets/floor_049.glb,194316,2,1,2,metric_near_duplicate_candidate,floor_033
floor_050,floor,runtime-assets/floor_050.glb,152108,2,1,2,metric_near_duplicate_candidate,floor_030
floor_051,floor,runtime-assets/floor_051.glb,89948,2,1,2,metric_near_duplicate_candidate,floor_035
floor_052,floor,runtime-assets/floor_052.glb,150296,2,1,2,metric_near_duplicate_candidate,floor_030
floor_053,floor,runtime-assets/floor_053.glb,164380,2,1,2,metric_near_duplicate_candidate,floor_037
floor_054,floor,runtime-assets/floor_054.glb,160068,2,1,2,metric_near_duplicate_candidate,floor
floor_055,floor,runtime-assets/floor_055.glb,121784,2,1,2,metric_near_duplicate_candidate,floor_223
floor_078,floor,runtime-assets/floor_078.glb,175648,2,1,2,metric_near_duplicate_candidate,floor_026
floor_223,floor,runtime-assets/floor_223.glb,121784,2,1,2,metric_near_duplicate_candidate,floor_055
floor_230,floor,runtime-assets/floor_230.glb,3260,2,1,1,intentional_variant,
flower,flower,runtime-assets/flower.glb,32524,1078,2,1,intentional_variant,
flower_038,flower,runtime-assets/flower_038.glb,19556,528,2,1,intentional_variant,
flower_039,flower,runtime-assets/flower_039.glb,36076,688,2,1,intentional_variant,
flower_040,flower,runtime-assets/flower_040.glb,89632,1565,2,1,intentional_variant,
flower_041,flower,runtime-assets/flower_041.glb,40352,953,2,1,metric_near_duplicate_candidate,flower_042
flower_042,flower,runtime-assets/flower_042.glb,40488,959,2,1,metric_near_duplicate_candidate,flower_041
flower_043,flower,runtime-assets/flower_043.glb,35072,724,1,1,intentional_variant,
flower_044,flower,runtime-assets/flower_044.glb,28560,560,2,1,intentional_variant,
flower_045,flower,runtime-assets/flower_045.glb,258264,1351,2,3,intentional_variant,
flower_046,flower,runtime-assets/flower_046.glb,17700,499,1,1,intentional_variant,
flower_047,flower,runtime-assets/flower_047.glb,253536,1181,2,3,intentional_variant,
flower_048,flower,runtime-assets/flower_048.glb,29856,594,1,1,intentional_variant,
flower_049,flower,runtime-assets/flower_049.glb,14336,264,1,1,intentional_variant,
flower_050,flower,runtime-assets/flower_050.glb,16512,461,1,1,intentional_variant,
flower_051,flower,runtime-assets/flower_051.glb,16500,475,1,1,intentional_variant,
flower_052,flower,runtime-assets/flower_052.glb,18948,547,1,1,intentional_variant,
flower_053,flower,runtime-assets/flower_053.glb,18452,518,1,1,intentional_variant,
flower_054,flower,runtime-assets/flower_054.glb,255524,1203,3,3,intentional_variant,
flower_055,flower,runtime-assets/flower_055.glb,95940,3458,1,1,intentional_variant,
kitchen,kitchen,runtime-assets/kitchen.glb,10568,132,3,1,metric_near_duplicate_candidate,kitchen_106
kitchen_001,kitchen,runtime-assets/kitchen_001.glb,11172,224,2,1,intentional_variant,
kitchen_002,kitchen,runtime-assets/kitchen_002.glb,26968,486,4,1,intentional_variant,
kitchen_003,kitchen,runtime-assets/kitchen_003.glb,13928,196,3,1,intentional_variant,
kitchen_004,kitchen,runtime-assets/kitchen_004.glb,781384,474,5,9,intentional_variant,
kitchen_005,kitchen,runtime-assets/kitchen_005.glb,766888,194,5,9,intentional_variant,
kitchen_006,kitchen,runtime-assets/kitchen_006.glb,541608,1060,8,6,intentional_variant,
kitchen_007,kitchen,runtime-assets/kitchen_007.glb,228616,84,2,3,metric_near_duplicate_candidate,kitchen_008
kitchen_008,kitchen,runtime-assets/kitchen_008.glb,228616,84,2,3,metric_near_duplicate_candidate,kitchen_007
kitchen_009,kitchen,runtime-assets/kitchen_009.glb,9916,82,3,1,metric_near_duplicate_candidate,kitchen_082
kitchen_010,kitchen,runtime-assets/kitchen_010.glb,16556,274,3,1,metric_near_duplicate_candidate,kitchen_118
kitchen_011,kitchen,runtime-assets/kitchen_011.glb,98692,310,3,2,metric_near_duplicate_candidate,kitchen_119
kitchen_012,kitchen,runtime-assets/kitchen_012.glb,365048,1946,8,4,intentional_variant,
kitchen_013,kitchen,runtime-assets/kitchen_013.glb,560980,1368,8,6,intentional_variant,
kitchen_014,kitchen,runtime-assets/kitchen_014.glb,73096,998,5,1,metric_near_duplicate_candidate,kitchen_030
kitchen_015,kitchen,runtime-assets/kitchen_015.glb,538996,1428,5,6,intentional_variant,
kitchen_016,kitchen,runtime-assets/kitchen_016.glb,88876,164,3,2,metric_near_duplicate_candidate,kitchen_017
kitchen_017,kitchen,runtime-assets/kitchen_017.glb,88880,164,3,2,metric_near_duplicate_candidate,kitchen_016
kitchen_018,kitchen,runtime-assets/kitchen_018.glb,430292,152,3,5,intentional_variant,
kitchen_019,kitchen,runtime-assets/kitchen_019.glb,439676,282,4,5,intentional_variant,
kitchen_020,kitchen,runtime-assets/kitchen_020.glb,18256,310,2,1,intentional_variant,
kitchen_021,kitchen,runtime-assets/kitchen_021.glb,231484,128,3,3,metric_near_duplicate_candidate,kitchen_023
kitchen_022,kitchen,runtime-assets/kitchen_022.glb,229036,132,2,3,intentional_variant,
kitchen_023,kitchen,runtime-assets/kitchen_023.glb,231484,128,3,3,metric_near_duplicate_candidate,kitchen_021
kitchen_024,kitchen,runtime-assets/kitchen_024.glb,227016,72,2,3,metric_near_duplicate_candidate,kitchen_025
kitchen_025,kitchen,runtime-assets/kitchen_025.glb,227012,72,2,3,metric_near_duplicate_candidate,kitchen_024
kitchen_026,kitchen,runtime-assets/kitchen_026.glb,227016,72,2,3,metric_near_duplicate_candidate,kitchen_024
kitchen_027,kitchen,runtime-assets/kitchen_027.glb,227016,72,2,3,metric_near_duplicate_candidate,kitchen_024
kitchen_028,kitchen,runtime-assets/kitchen_028.glb,222748,42,1,2,intentional_variant,
kitchen_029,kitchen,runtime-assets/kitchen_029.glb,418124,474,3,5,intentional_variant,
kitchen_030,kitchen,runtime-assets/kitchen_030.glb,73544,998,5,1,metric_near_duplicate_candidate,kitchen_014
kitchen_031,kitchen,runtime-assets/kitchen_031.glb,306176,1296,8,4,metric_near_duplicate_candidate,kitchen_122
kitchen_032,kitchen,runtime-assets/kitchen_032.glb,240924,650,3,3,intentional_variant,
kitchen_033,kitchen,runtime-assets/kitchen_033.glb,23736,452,2,1,metric_near_duplicate_candidate,kitchen_108
kitchen_034,kitchen,runtime-assets/kitchen_034.glb,222608,178,4,3,metric_near_duplicate_candidate,kitchen_035
kitchen_035,kitchen,runtime-assets/kitchen_035.glb,222352,178,4,3,metric_near_duplicate_candidate,kitchen_034
kitchen_036,kitchen,runtime-assets/kitchen_036.glb,222348,178,4,3,metric_near_duplicate_candidate,kitchen_034
kitchen_079,kitchen,runtime-assets/kitchen_079.glb,260600,1060,7,4,intentional_variant,
kitchen_080,kitchen,runtime-assets/kitchen_080.glb,10104,84,2,1,metric_near_duplicate_candidate,kitchen_081
kitchen_081,kitchen,runtime-assets/kitchen_081.glb,10104,84,2,1,metric_near_duplicate_candidate,kitchen_080
kitchen_082,kitchen,runtime-assets/kitchen_082.glb,9916,82,3,1,metric_near_duplicate_candidate,kitchen_009
kitchen_083,kitchen,runtime-assets/kitchen_083.glb,258220,1428,5,4,intentional_variant,
kitchen_084,kitchen,runtime-assets/kitchen_084.glb,12956,128,3,1,metric_near_duplicate_candidate,kitchen_086
kitchen_085,kitchen,runtime-assets/kitchen_085.glb,10516,132,2,1,intentional_variant,
kitchen_086,kitchen,runtime-assets/kitchen_086.glb,12956,128,3,1,metric_near_duplicate_candidate,kitchen_084
kitchen_087,kitchen,runtime-assets/kitchen_087.glb,7472,72,2,1,intentional_variant,
kitchen_088,kitchen,runtime-assets/kitchen_088.glb,8492,72,2,1,metric_near_duplicate_candidate,kitchen_089
kitchen_089,kitchen,runtime-assets/kitchen_089.glb,8496,72,2,1,metric_near_duplicate_candidate,kitchen_088
kitchen_090,kitchen,runtime-assets/kitchen_090.glb,8496,72,2,1,metric_near_duplicate_candidate,kitchen_088
kitchen_091,kitchen,runtime-assets/kitchen_091.glb,6016,42,1,1,intentional_variant,
kitchen_092,kitchen,runtime-assets/kitchen_092.glb,137344,474,3,3,intentional_variant,
kitchen_096,kitchen,runtime-assets/kitchen_096.glb,224976,474,3,3,intentional_variant,
kitchen_105,kitchen,runtime-assets/kitchen_105.glb,355932,1946,8,4,intentional_variant,
kitchen_106,kitchen,runtime-assets/kitchen_106.glb,10572,132,3,1,metric_near_duplicate_candidate,kitchen
kitchen_107,kitchen,runtime-assets/kitchen_107.glb,231812,650,3,3,intentional_variant,
kitchen_108,kitchen,runtime-assets/kitchen_108.glb,23736,452,2,1,metric_near_duplicate_candidate,kitchen_033
kitchen_109,kitchen,runtime-assets/kitchen_109.glb,213492,178,4,3,metric_near_duplicate_candidate,kitchen_110
kitchen_110,kitchen,runtime-assets/kitchen_110.glb,213236,178,4,3,metric_near_duplicate_candidate,kitchen_109
kitchen_111,kitchen,runtime-assets/kitchen_111.glb,213236,178,4,3,metric_near_duplicate_candidate,kitchen_109
kitchen_118,kitchen,runtime-assets/kitchen_118.glb,16596,274,3,1,metric_near_duplicate_candidate,kitchen_010
kitchen_119,kitchen,runtime-assets/kitchen_119.glb,98732,310,3,2,metric_near_duplicate_candidate,kitchen_011
kitchen_120,kitchen,runtime-assets/kitchen_120.glb,88916,164,3,2,metric_near_duplicate_candidate,kitchen_016
kitchen_121,kitchen,runtime-assets/kitchen_121.glb,88920,164,3,2,metric_near_duplicate_candidate,kitchen_016
kitchen_122,kitchen,runtime-assets/kitchen_122.glb,306408,1296,8,4,metric_near_duplicate_candidate,kitchen_031
kitchen_158,kitchen,runtime-assets/kitchen_158.glb,199640,474,3,3,intentional_variant,
kitchen_167,kitchen,runtime-assets/kitchen_167.glb,317724,1946,8,4,intentional_variant,
kitchen_168,kitchen,runtime-assets/kitchen_168.glb,10572,132,3,1,metric_near_duplicate_candidate,kitchen
kitchen_169,kitchen,runtime-assets/kitchen_169.glb,193600,650,3,3,intentional_variant,
kitchen_170,kitchen,runtime-assets/kitchen_170.glb,23736,452,2,1,metric_near_duplicate_candidate,kitchen_033
kitchen_171,kitchen,runtime-assets/kitchen_171.glb,175284,178,4,3,metric_near_duplicate_candidate,kitchen_172
kitchen_172,kitchen,runtime-assets/kitchen_172.glb,175028,178,4,3,metric_near_duplicate_candidate,kitchen_171
kitchen_173,kitchen,runtime-assets/kitchen_173.glb,175024,178,4,3,metric_near_duplicate_candidate,kitchen_171
kitchen_table,kitchen,runtime-assets/kitchen_table.glb,101252,520,2,1,intentional_variant,
kitchen_table_018,kitchen,runtime-assets/kitchen_table_018.glb,13544,248,2,1,intentional_variant,
kitchen_table_019,kitchen,runtime-assets/kitchen_table_019.glb,341068,260,2,4,intentional_variant,
kitchen_table_020,kitchen,runtime-assets/kitchen_table_020.glb,350136,260,2,4,intentional_variant,
kitchen_table_021,kitchen,runtime-assets/kitchen_table_021.glb,15636,284,2,1,intentional_variant,
kitchen_table_022,kitchen,runtime-assets/kitchen_table_022.glb,232376,100,1,2,intentional_variant,
kitchen_table_023,kitchen,runtime-assets/kitchen_table_023.glb,229872,110,1,2,intentional_variant,
kitchen_table_024,kitchen,runtime-assets/kitchen_table_024.glb,222868,270,2,3,intentional_variant,
kitchen_table_025,kitchen,runtime-assets/kitchen_table_025.glb,170036,100,2,3,intentional_variant,
kitchen_table_026,kitchen,runtime-assets/kitchen_table_026.glb,208304,100,2,3,intentional_variant,
kitchen_table_027,kitchen,runtime-assets/kitchen_table_027.glb,227756,74,2,2,intentional_variant,
kitchen_table_028,kitchen,runtime-assets/kitchen_table_028.glb,97636,390,3,2,intentional_variant,
kitchen_table_029,kitchen,runtime-assets/kitchen_table_029.glb,90300,168,3,2,intentional_variant,
kitchen_table_030,kitchen,runtime-assets/kitchen_table_030.glb,312976,152,2,3,intentional_variant,
kitchen_table_031,kitchen,runtime-assets/kitchen_table_031.glb,14440,270,1,1,intentional_variant,
kitchen_table_032,kitchen,runtime-assets/kitchen_table_032.glb,8936,100,1,1,intentional_variant,
kitchen_table_050,kitchen,runtime-assets/kitchen_table_050.glb,223868,74,2,2,intentional_variant,
ladder,ladder,runtime-assets/ladder.glb,223300,60,1,2,intentional_variant,
ladder_001,ladder,runtime-assets/ladder_001.glb,4040,12,1,1,metric_near_duplicate_candidate,ladder_003
ladder_002,ladder,runtime-assets/ladder_002.glb,9508,90,1,1,intentional_variant,
ladder_003,ladder,runtime-assets/ladder_003.glb,4040,12,1,1,metric_near_duplicate_candidate,ladder_001
ladder_004,ladder,runtime-assets/ladder_004.glb,17072,198,1,1,intentional_variant,
ladder_005,ladder,runtime-assets/ladder_005.glb,10908,110,1,1,intentional_variant,
ladder_006,ladder,runtime-assets/ladder_006.glb,7968,68,1,1,intentional_variant,
ladder_007,ladder,runtime-assets/ladder_007.glb,15812,180,1,1,intentional_variant,
ladder_008,ladder,runtime-assets/ladder_008.glb,213660,198,1,2,intentional_variant,
ladder_009,ladder,runtime-assets/ladder_009.glb,6284,44,1,1,intentional_variant,
ladder_010,ladder,runtime-assets/ladder_010.glb,221644,28,1,2,intentional_variant,
ladder_011,ladder,runtime-assets/ladder_011.glb,226204,116,1,2,metric_near_duplicate_candidate,ladder_016
ladder_012,ladder,runtime-assets/ladder_012.glb,224980,72,1,2,metric_near_duplicate_candidate,ladder_014
ladder_013,ladder,runtime-assets/ladder_013.glb,230020,144,1,2,intentional_variant,
ladder_014,ladder,runtime-assets/ladder_014.glb,224984,72,1,2,metric_near_duplicate_candidate,ladder_012
ladder_015,ladder,runtime-assets/ladder_015.glb,227784,112,1,2,intentional_variant,
ladder_016,ladder,runtime-assets/ladder_016.glb,226204,116,1,2,metric_near_duplicate_candidate,ladder_011
ladder_018,ladder,runtime-assets/ladder_018.glb,4976,28,1,1,intentional_variant,
ladder_023,ladder,runtime-assets/ladder_023.glb,239744,198,1,2,intentional_variant,
lamp,lamp,runtime-assets/lamp.glb,211400,862,4,4,intentional_variant,
lamp_027,lamp,runtime-assets/lamp_027.glb,24496,482,4,1,intentional_variant,
lamp_028,lamp,runtime-assets/lamp_028.glb,110876,748,4,2,intentional_variant,
lamp_029,lamp,runtime-assets/lamp_029.glb,113152,764,5,2,intentional_variant,
lamp_030,lamp,runtime-assets/lamp_030.glb,101028,442,5,2,intentional_variant,
lamp_031,lamp,runtime-assets/lamp_031.glb,226264,328,4,3,intentional_variant,
lamp_032,lamp,runtime-assets/lamp_032.glb,20100,358,4,1,intentional_variant,
lamp_033,lamp,runtime-assets/lamp_033.glb,92168,278,3,2,intentional_variant,
lamp_034,lamp,runtime-assets/lamp_034.glb,75348,298,3,1,intentional_variant,
lamp_035,lamp,runtime-assets/lamp_035.glb,28268,576,3,1,intentional_variant,
lamp_036,lamp,runtime-assets/lamp_036.glb,116328,856,4,2,intentional_variant,
lamp_037,lamp,runtime-assets/lamp_037.glb,97800,386,4,2,intentional_variant,
lamp_038,lamp,runtime-assets/lamp_038.glb,553548,340,5,6,intentional_variant,
lamp_039,lamp,runtime-assets/lamp_039.glb,94864,292,3,2,intentional_variant,
lamp_045,lamp,runtime-assets/lamp_045.glb,73096,264,2,1,intentional_variant,
lamp_046,lamp,runtime-assets/lamp_046.glb,85372,80,2,2,intentional_variant,
lamp_047,lamp,runtime-assets/lamp_047.glb,313660,142,3,4,intentional_variant,
lamp_048,lamp,runtime-assets/lamp_048.glb,100200,428,4,2,metric_near_duplicate_candidate,lamp_058
lamp_058,lamp,runtime-assets/lamp_058.glb,99496,428,4,2,metric_near_duplicate_candidate,lamp_048
picture,picture,runtime-assets/picture.glb,7624,28,2,2,intentional_variant,
picture_059,picture,runtime-assets/picture_059.glb,22376,30,2,2,intentional_variant,
picture_060,picture,runtime-assets/picture_060.glb,30992,28,2,2,intentional_variant,
picture_061,picture,runtime-assets/picture_061.glb,21896,28,2,2,intentional_variant,
picture_062,picture,runtime-assets/picture_062.glb,45668,30,2,2,intentional_variant,
picture_063,picture,runtime-assets/picture_063.glb,56184,28,2,2,intentional_variant,
picture_064,picture,runtime-assets/picture_064.glb,23032,28,2,2,metric_near_duplicate_candidate,picture_074
picture_065,picture,runtime-assets/picture_065.glb,88704,28,2,2,intentional_variant,
picture_066,picture,runtime-assets/picture_066.glb,9180,28,2,2,intentional_variant,
picture_067,picture,runtime-assets/picture_067.glb,12148,28,2,2,intentional_variant,
picture_068,picture,runtime-assets/picture_068.glb,53916,28,2,2,intentional_variant,
picture_069,picture,runtime-assets/picture_069.glb,9712,28,2,2,intentional_variant,
picture_070,picture,runtime-assets/picture_070.glb,7944,28,2,2,intentional_variant,
picture_071,picture,runtime-assets/picture_071.glb,10212,30,2,2,intentional_variant,
picture_072,picture,runtime-assets/picture_072.glb,10852,28,2,2,intentional_variant,
picture_073,picture,runtime-assets/picture_073.glb,8444,28,2,2,intentional_variant,
picture_074,picture,runtime-assets/picture_074.glb,23232,28,2,2,metric_near_duplicate_candidate,picture_064
picture_075,picture,runtime-assets/picture_075.glb,28868,28,2,2,intentional_variant,
picture_076,picture,runtime-assets/picture_076.glb,14248,28,2,2,intentional_variant,
picture_077,picture,runtime-assets/picture_077.glb,17980,92,2,2,intentional_variant,
picture_078,picture,runtime-assets/picture_078.glb,17500,156,2,2,intentional_variant,
picture_079,picture,runtime-assets/picture_079.glb,15548,156,2,2,intentional_variant,
picture_080,picture,runtime-assets/picture_080.glb,10868,30,2,2,intentional_variant,
picture_081,picture,runtime-assets/picture_081.glb,11736,30,2,2,intentional_variant,
picture_082,picture,runtime-assets/picture_082.glb,15316,30,2,2,intentional_variant,
picture_083,picture,runtime-assets/picture_083.glb,21836,417,2,1,intentional_variant,
picture_084,picture,runtime-assets/picture_084.glb,13280,30,2,2,intentional_variant,
picture_085,picture,runtime-assets/picture_085.glb,8780,28,2,2,intentional_variant,
picture_086,picture,runtime-assets/picture_086.glb,108568,30,3,3,intentional_variant,
picture_087,picture,runtime-assets/picture_087.glb,8976,28,2,2,intentional_variant,
prop,prop,runtime-assets/prop.glb,18700,402,1,1,intentional_variant,
prop_082,prop,runtime-assets/prop_082.glb,445728,580,2,4,intentional_variant,
prop_083,prop,runtime-assets/prop_083.glb,237448,296,2,3,intentional_variant,
prop_084,prop,runtime-assets/prop_084.glb,15824,328,2,1,intentional_variant,
prop_085,prop,runtime-assets/prop_085.glb,222480,296,2,3,intentional_variant,
prop_086,prop,runtime-assets/prop_086.glb,216816,248,1,2,intentional_variant,
prop_087,prop,runtime-assets/prop_087.glb,214088,188,1,2,metric_near_duplicate_candidate,prop_088
prop_088,prop,runtime-assets/prop_088.glb,214088,188,1,2,metric_near_duplicate_candidate,prop_087
prop_089,prop,runtime-assets/prop_089.glb,89944,166,2,2,metric_near_duplicate_candidate,prop_212
prop_090,prop,runtime-assets/prop_090.glb,8820,132,1,1,intentional_variant,
prop_091,prop,runtime-assets/prop_091.glb,15336,252,1,1,intentional_variant,
prop_092,prop,runtime-assets/prop_092.glb,9984,128,2,1,intentional_variant,
prop_093,prop,runtime-assets/prop_093.glb,653392,940,6,7,intentional_variant,
prop_094,prop,runtime-assets/prop_094.glb,8356,164,1,1,metric_near_duplicate_candidate,prop_170
prop_095,prop,runtime-assets/prop_095.glb,15124,324,2,1,intentional_variant,
prop_096,prop,runtime-assets/prop_096.glb,14524,304,2,1,intentional_variant,
prop_097,prop,runtime-assets/prop_097.glb,214160,136,1,2,intentional_variant,
prop_098,prop,runtime-assets/prop_098.glb,9796,148,1,1,intentional_variant,
prop_099,prop,runtime-assets/prop_099.glb,14176,260,1,1,intentional_variant,
prop_100,prop,runtime-assets/prop_100.glb,106508,548,4,2,metric_near_duplicate_candidate,prop_114
prop_101,prop,runtime-assets/prop_101.glb,98756,396,3,2,intentional_variant,
prop_102,prop,runtime-assets/prop_102.glb,213572,188,1,2,metric_near_duplicate_candidate,prop_087
prop_103,prop,runtime-assets/prop_103.glb,214856,188,1,2,metric_near_duplicate_candidate,prop_087
prop_104,prop,runtime-assets/prop_104.glb,221860,200,3,3,intentional_variant,
prop_105,prop,runtime-assets/prop_105.glb,13156,232,2,1,intentional_variant,
prop_106,prop,runtime-assets/prop_106.glb,9724,156,2,1,metric_near_duplicate_candidate,prop_107
prop_107,prop,runtime-assets/prop_107.glb,9720,156,2,1,metric_near_duplicate_candidate,prop_106
prop_108,prop,runtime-assets/prop_108.glb,181256,214,1,2,intentional_variant,
prop_109,prop,runtime-assets/prop_109.glb,9228,116,2,1,metric_near_duplicate_candidate,prop_110
prop_110,prop,runtime-assets/prop_110.glb,9228,116,2,1,metric_near_duplicate_candidate,prop_109
prop_111,prop,runtime-assets/prop_111.glb,11428,156,3,1,intentional_variant,
prop_112,prop,runtime-assets/prop_112.glb,215640,92,2,3,intentional_variant,
prop_113,prop,runtime-assets/prop_113.glb,235524,288,1,2,intentional_variant,
prop_114,prop,runtime-assets/prop_114.glb,106852,552,4,2,metric_near_duplicate_candidate,prop_100
prop_115,prop,runtime-assets/prop_115.glb,238812,594,4,3,intentional_variant,
prop_116,prop,runtime-assets/prop_116.glb,15424,298,2,1,intentional_variant,
prop_117,prop,runtime-assets/prop_117.glb,15244,240,1,1,intentional_variant,
prop_139,prop,runtime-assets/prop_139.glb,9012,142,1,1,intentional_variant,
prop_140,prop,runtime-assets/prop_140.glb,33916,804,1,1,intentional_variant,
prop_141,prop,runtime-assets/prop_141.glb,39204,938,1,1,intentional_variant,
prop_142,prop,runtime-assets/prop_142.glb,13768,274,1,1,intentional_variant,
prop_143,prop,runtime-assets/prop_143.glb,69908,1742,1,1,metric_near_duplicate_candidate,prop_146
prop_144,prop,runtime-assets/prop_144.glb,61348,1510,1,1,intentional_variant,
prop_145,prop,runtime-assets/prop_145.glb,40652,962,1,1,intentional_variant,
prop_146,prop,runtime-assets/prop_146.glb,69908,1742,1,1,metric_near_duplicate_candidate,prop_143
prop_147,prop,runtime-assets/prop_147.glb,3536,4,1,1,intentional_variant,
prop_148,prop,runtime-assets/prop_148.glb,3820,8,1,1,intentional_variant,
prop_149,prop,runtime-assets/prop_149.glb,12260,192,2,1,intentional_variant,
prop_150,prop,runtime-assets/prop_150.glb,11084,159,2,1,intentional_variant,
prop_151,prop,runtime-assets/prop_151.glb,18104,430,2,1,intentional_variant,
prop_152,prop,runtime-assets/prop_152.glb,16528,414,1,1,intentional_variant,
prop_153,prop,runtime-assets/prop_153.glb,12992,155,3,1,intentional_variant,
prop_154,prop,runtime-assets/prop_154.glb,18224,268,3,1,intentional_variant,
prop_155,prop,runtime-assets/prop_155.glb,6020,100,1,1,intentional_variant,
prop_156,prop,runtime-assets/prop_156.glb,9292,107,2,1,intentional_variant,
prop_157,prop,runtime-assets/prop_157.glb,11304,143,3,1,intentional_variant,
prop_158,prop,runtime-assets/prop_158.glb,9676,148,2,1,intentional_variant,
prop_159,prop,runtime-assets/prop_159.glb,8792,172,1,1,intentional_variant,
prop_160,prop,runtime-assets/prop_160.glb,12496,178,2,1,intentional_variant,
prop_161,prop,runtime-assets/prop_161.glb,10036,123,2,1,intentional_variant,
prop_162,prop,runtime-assets/prop_162.glb,11232,162,2,1,metric_near_duplicate_candidate,prop_165
prop_163,prop,runtime-assets/prop_163.glb,13756,236,1,1,intentional_variant,
prop_164,prop,runtime-assets/prop_164.glb,8132,164,1,1,intentional_variant,
prop_165,prop,runtime-assets/prop_165.glb,11232,162,2,1,metric_near_duplicate_candidate,prop_162
prop_166,prop,runtime-assets/prop_166.glb,6452,108,1,1,intentional_variant,
prop_167,prop,runtime-assets/prop_167.glb,11780,184,2,1,intentional_variant,
prop_168,prop,runtime-assets/prop_168.glb,93836,248,3,2,intentional_variant,
prop_169,prop,runtime-assets/prop_169.glb,11756,182,2,1,intentional_variant,
prop_170,prop,runtime-assets/prop_170.glb,8432,164,1,1,metric_near_duplicate_candidate,prop_094
prop_171,prop,runtime-assets/prop_171.glb,15844,236,1,1,intentional_variant,
prop_172,prop,runtime-assets/prop_172.glb,102540,2450,2,1,intentional_variant,
prop_173,prop,runtime-assets/prop_173.glb,15148,206,3,1,intentional_variant,
prop_174,prop,runtime-assets/prop_174.glb,11232,162,2,1,metric_near_duplicate_candidate,prop_162
prop_175,prop,runtime-assets/prop_175.glb,91796,208,3,2,metric_near_duplicate_candidate,prop_183
prop_176,prop,runtime-assets/prop_176.glb,11616,162,2,1,metric_near_duplicate_candidate,prop_179
prop_177,prop,runtime-assets/prop_177.glb,11232,162,2,1,metric_near_duplicate_candidate,prop_162
prop_178,prop,runtime-assets/prop_178.glb,13100,180,2,1,intentional_variant,
prop_179,prop,runtime-assets/prop_179.glb,11612,162,2,1,metric_near_duplicate_candidate,prop_176
prop_180,prop,runtime-assets/prop_180.glb,12876,178,2,1,intentional_variant,
prop_181,prop,runtime-assets/prop_181.glb,15928,242,2,1,intentional_variant,
prop_182,prop,runtime-assets/prop_182.glb,12160,208,1,1,intentional_variant,
prop_183,prop,runtime-assets/prop_183.glb,91796,208,3,2,metric_near_duplicate_candidate,prop_175
prop_184,prop,runtime-assets/prop_184.glb,11340,154,2,1,intentional_variant,
prop_185,prop,runtime-assets/prop_185.glb,11712,162,2,1,metric_near_duplicate_candidate,prop_176
prop_186,prop,runtime-assets/prop_186.glb,91016,171,3,2,intentional_variant,
prop_187,prop,runtime-assets/prop_187.glb,11564,212,1,1,intentional_variant,
prop_188,prop,runtime-assets/prop_188.glb,14324,242,2,1,intentional_variant,
prop_189,prop,runtime-assets/prop_189.glb,13128,155,3,1,intentional_variant,
prop_190,prop,runtime-assets/prop_190.glb,17688,414,2,1,intentional_variant,
prop_191,prop,runtime-assets/prop_191.glb,22228,510,2,1,intentional_variant,
prop_212,prop,runtime-assets/prop_212.glb,89944,166,2,2,metric_near_duplicate_candidate,prop_089
shelf,shelf,runtime-assets/shelf.glb,228980,92,1,2,intentional_variant,
shelf_056,shelf,runtime-assets/shelf_056.glb,243912,648,2,3,intentional_variant,
shelf_057,shelf,runtime-assets/shelf_057.glb,28176,576,1,1,intentional_variant,
shelf_058,shelf,runtime-assets/shelf_058.glb,338388,288,2,4,intentional_variant,
shelf_059,shelf,runtime-assets/shelf_059.glb,13556,252,1,1,intentional_variant,
shelf_060,shelf,runtime-assets/shelf_060.glb,233548,220,1,2,intentional_variant,
shelf_061,shelf,runtime-assets/shelf_061.glb,227384,244,2,3,intentional_variant,
shelf_062,shelf,runtime-assets/shelf_062.glb,227548,80,2,3,intentional_variant,
shelf_063,shelf,runtime-assets/shelf_063.glb,225860,272,1,2,intentional_variant,
shelf_064,shelf,runtime-assets/shelf_064.glb,14296,312,1,1,intentional_variant,
shelf_065,shelf,runtime-assets/shelf_065.glb,50016,1140,2,1,intentional_variant,
shelf_066,shelf,runtime-assets/shelf_066.glb,233696,264,2,3,intentional_variant,
shelf_067,shelf,runtime-assets/shelf_067.glb,182144,340,1,2,intentional_variant,
shelf_068,shelf,runtime-assets/shelf_068.glb,8328,128,1,1,intentional_variant,
shelf_069,shelf,runtime-assets/shelf_069.glb,446352,232,3,5,intentional_variant,
shelf_070,shelf,runtime-assets/shelf_070.glb,247120,732,1,2,intentional_variant,
shelf_071,shelf,runtime-assets/shelf_071.glb,223656,328,2,3,intentional_variant,
shelf_072,shelf,runtime-assets/shelf_072.glb,282644,1216,2,3,intentional_variant,
shelf_073,shelf,runtime-assets/shelf_073.glb,199332,352,1,2,intentional_variant,
shelf_074,shelf,runtime-assets/shelf_074.glb,8648,96,1,1,intentional_variant,
shelf_078,shelf,runtime-assets/shelf_078.glb,6316,92,1,1,intentional_variant,
sofa,sofa,runtime-assets/sofa.glb,58020,1630,2,1,intentional_variant,
sofa_026,sofa,runtime-assets/sofa_026.glb,205892,664,1,2,intentional_variant,
sofa_027,sofa,runtime-assets/sofa_027.glb,264896,630,3,3,intentional_variant,
sofa_028,sofa,runtime-assets/sofa_028.glb,20304,400,2,1,metric_near_duplicate_candidate,sofa_055
sofa_029,sofa,runtime-assets/sofa_029.glb,24876,532,2,1,intentional_variant,
sofa_030,sofa,runtime-assets/sofa_030.glb,212488,238,2,3,metric_near_duplicate_candidate,sofa_041
sofa_031,sofa,runtime-assets/sofa_031.glb,7592,120,1,1,intentional_variant,
sofa_032,sofa,runtime-assets/sofa_032.glb,640372,2253,2,4,intentional_variant,
sofa_033,sofa,runtime-assets/sofa_033.glb,257192,1080,1,2,intentional_variant,
sofa_034,sofa,runtime-assets/sofa_034.glb,505604,1243,3,5,intentional_variant,
sofa_035,sofa,runtime-assets/sofa_035.glb,246812,326,2,3,intentional_variant,
sofa_036,sofa,runtime-assets/sofa_036.glb,555972,1396,2,4,intentional_variant,
sofa_037,sofa,runtime-assets/sofa_037.glb,196336,504,2,3,intentional_variant,
sofa_038,sofa,runtime-assets/sofa_038.glb,670192,1112,4,6,intentional_variant,
sofa_039,sofa,runtime-assets/sofa_039.glb,368144,1192,3,3,intentional_variant,
sofa_040,sofa,runtime-assets/sofa_040.glb,99564,450,2,2,intentional_variant,
sofa_041,sofa,runtime-assets/sofa_041.glb,212488,238,2,3,metric_near_duplicate_candidate,sofa_030
sofa_042,sofa,runtime-assets/sofa_042.glb,14124,238,2,1,metric_near_duplicate_candidate,sofa_054
sofa_043,sofa,runtime-assets/sofa_043.glb,13164,238,1,1,intentional_variant,
sofa_044,sofa,runtime-assets/sofa_044.glb,113000,3378,2,1,intentional_variant,
sofa_045,sofa,runtime-assets/sofa_045.glb,212160,1396,2,3,intentional_variant,
sofa_054,sofa,runtime-assets/sofa_054.glb,14124,238,2,1,metric_near_duplicate_candidate,sofa_042
sofa_055,sofa,runtime-assets/sofa_055.glb,20304,400,2,1,metric_near_duplicate_candidate,sofa_028
sofa_068,sofa,runtime-assets/sofa_068.glb,17436,326,2,1,intentional_variant,
sofa_070,sofa,runtime-assets/sofa_070.glb,238620,238,2,3,intentional_variant,
sofa_072,sofa,runtime-assets/sofa_072.glb,20304,400,2,1,metric_near_duplicate_candidate,sofa_028
sofa_096,sofa,runtime-assets/sofa_096.glb,308668,2253,2,3,intentional_variant,
training,training,runtime-assets/training.glb,160308,1895,5,2,intentional_variant,
training_001,training,runtime-assets/training_001.glb,7100,80,1,1,intentional_variant,
training_002,training,runtime-assets/training_002.glb,117692,894,4,2,intentional_variant,
training_003,training,runtime-assets/training_003.glb,46508,1074,2,1,intentional_variant,
training_004,training,runtime-assets/training_004.glb,148532,3376,3,1,intentional_variant,
training_005,training,runtime-assets/training_005.glb,30408,657,3,1,intentional_variant,
training_006,training,runtime-assets/training_006.glb,16260,248,3,1,intentional_variant,
training_007,training,runtime-assets/training_007.glb,111320,626,4,2,intentional_variant,
training_008,training,runtime-assets/training_008.glb,131024,1013,4,2,intentional_variant,
training_009,training,runtime-assets/training_009.glb,15988,319,2,1,intentional_variant,
training_010,training,runtime-assets/training_010.glb,10344,164,2,1,intentional_variant,
training_011,training,runtime-assets/training_011.glb,202584,2924,4,2,intentional_variant,
training_012,training,runtime-assets/training_012.glb,155468,1794,4,2,intentional_variant,
training_013,training,runtime-assets/training_013.glb,12456,128,2,1,intentional_variant,
training_014,training,runtime-assets/training_014.glb,230220,208,1,2,intentional_variant,
training_015,training,runtime-assets/training_015.glb,247420,426,3,3,intentional_variant,
training_016,training,runtime-assets/training_016.glb,30232,458,3,1,intentional_variant,
training_017,training,runtime-assets/training_017.glb,36716,744,3,1,intentional_variant,
training_018,training,runtime-assets/training_018.glb,30676,592,3,1,metric_near_duplicate_candidate,training_019
training_019,training,runtime-assets/training_019.glb,30684,592,3,1,metric_near_duplicate_candidate,training_018
wall,wall,runtime-assets/wall.glb,1952,12,1,0,metric_near_duplicate_candidate,wall_036
wall_018,wall,runtime-assets/wall_018.glb,4032,12,1,1,metric_near_duplicate_candidate,wall_026
wall_019,wall,runtime-assets/wall_019.glb,7060,88,1,1,intentional_variant,
wall_025,wall,runtime-assets/wall_025.glb,4100,12,1,1,metric_near_duplicate_candidate,wall_158
wall_026,wall,runtime-assets/wall_026.glb,4020,12,1,1,metric_near_duplicate_candidate,wall_018
wall_027,wall,runtime-assets/wall_027.glb,4684,24,1,1,intentional_variant,
wall_028,wall,runtime-assets/wall_028.glb,4360,18,1,1,intentional_variant,
wall_029,wall,runtime-assets/wall_029.glb,4452,20,1,1,intentional_variant,
wall_030,wall,runtime-assets/wall_030.glb,4016,12,1,1,metric_near_duplicate_candidate,wall_018
wall_031,wall,runtime-assets/wall_031.glb,4020,12,1,1,metric_near_duplicate_candidate,wall_018
wall_032,wall,runtime-assets/wall_032.glb,4020,12,1,1,metric_near_duplicate_candidate,wall_018
wall_033,wall,runtime-assets/wall_033.glb,4908,32,1,1,metric_near_duplicate_candidate,wall_053
wall_034,wall,runtime-assets/wall_034.glb,7232,54,2,1,metric_near_duplicate_candidate,wall_043
wall_035,wall,runtime-assets/wall_035.glb,1972,12,1,0,metric_near_duplicate_candidate,wall_037
wall_036,wall,runtime-assets/wall_036.glb,1944,12,1,0,metric_near_duplicate_candidate,wall
wall_037,wall,runtime-assets/wall_037.glb,1972,12,1,0,metric_near_duplicate_candidate,wall_035
wall_038,wall,runtime-assets/wall_038.glb,13688,228,2,1,metric_near_duplicate_candidate,wall_319
wall_039,wall,runtime-assets/wall_039.glb,9388,88,2,1,metric_near_duplicate_candidate,wall_320
wall_040,wall,runtime-assets/wall_040.glb,5968,36,2,1,metric_near_duplicate_candidate,wall_321
wall_042,wall,runtime-assets/wall_042.glb,7932,64,2,1,metric_near_duplicate_candidate,wall_436
wall_043,wall,runtime-assets/wall_043.glb,7232,54,2,1,metric_near_duplicate_candidate,wall_034
wall_053,wall,runtime-assets/wall_053.glb,4908,32,1,1,metric_near_duplicate_candidate,wall_033
wall_111,wall,runtime-assets/wall_111.glb,4924,28,1,1,intentional_variant,
wall_113,wall,runtime-assets/wall_113.glb,4604,24,1,1,intentional_variant,
wall_118,wall,runtime-assets/wall_118.glb,4804,20,1,1,metric_near_duplicate_candidate,wall_120
wall_120,wall,runtime-assets/wall_120.glb,4804,20,1,1,metric_near_duplicate_candidate,wall_118
wall_158,wall,runtime-assets/wall_158.glb,4064,12,1,1,metric_near_duplicate_candidate,wall_018
wall_190,wall,runtime-assets/wall_190.glb,4580,20,1,1,intentional_variant,
wall_191,wall,runtime-assets/wall_191.glb,4020,12,1,1,metric_near_duplicate_candidate,wall_018
wall_319,wall,runtime-assets/wall_319.glb,13688,228,2,1,metric_near_duplicate_candidate,wall_038
wall_320,wall,runtime-assets/wall_320.glb,9388,88,2,1,metric_near_duplicate_candidate,wall_039
wall_321,wall,runtime-assets/wall_321.glb,5968,36,2,1,metric_near_duplicate_candidate,wall_040
wall_415,wall,runtime-assets/wall_415.glb,4804,20,1,1,metric_near_duplicate_candidate,wall_118
wall_436,wall,runtime-assets/wall_436.glb,7932,64,2,1,metric_near_duplicate_candidate,wall_042
wall_cabinet,wall,runtime-assets/wall_cabinet.glb,366256,260,2,4,intentional_variant,
wall_cabinet_001,wall,runtime-assets/wall_cabinet_001.glb,380988,559,2,4,intentional_variant,
wall_cabinet_002,wall,runtime-assets/wall_cabinet_002.glb,367016,256,3,4,intentional_variant,
wall_cabinet_003,wall,runtime-assets/wall_cabinet_003.glb,179412,564,3,3,metric_near_duplicate_candidate,wall_cabinet_045
wall_cabinet_004,wall,runtime-assets/wall_cabinet_004.glb,194136,278,3,3,intentional_variant,
wall_cabinet_005,wall,runtime-assets/wall_cabinet_005.glb,363396,200,2,4,intentional_variant,
wall_cabinet_006,wall,runtime-assets/wall_cabinet_006.glb,444640,332,6,6,metric_near_duplicate_candidate,wall_cabinet_008
wall_cabinet_007,wall,runtime-assets/wall_cabinet_007.glb,210396,22,1,2,metric_near_duplicate_candidate,wall_cabinet_009
wall_cabinet_008,wall,runtime-assets/wall_cabinet_008.glb,444652,332,6,6,metric_near_duplicate_candidate,wall_cabinet_006
wall_cabinet_009,wall,runtime-assets/wall_cabinet_009.glb,210400,22,1,2,metric_near_duplicate_candidate,wall_cabinet_007
wall_cabinet_010,wall,runtime-assets/wall_cabinet_010.glb,358924,362,3,5,intentional_variant,
wall_cabinet_011,wall,runtime-assets/wall_cabinet_011.glb,172040,156,2,3,intentional_variant,
wall_cabinet_012,wall,runtime-assets/wall_cabinet_012.glb,252640,148,5,4,intentional_variant,
wall_cabinet_013,wall,runtime-assets/wall_cabinet_013.glb,298956,184,3,4,intentional_variant,
wall_cabinet_014,wall,runtime-assets/wall_cabinet_014.glb,297356,126,4,4,intentional_variant,
wall_cabinet_015,wall,runtime-assets/wall_cabinet_015.glb,9356,116,2,1,intentional_variant,
wall_cabinet_016,wall,runtime-assets/wall_cabinet_016.glb,173824,198,2,3,intentional_variant,
wall_cabinet_017,wall,runtime-assets/wall_cabinet_017.glb,174052,168,3,3,intentional_variant,
wall_cabinet_018,wall,runtime-assets/wall_cabinet_018.glb,186380,144,2,3,intentional_variant,
wall_cabinet_019,wall,runtime-assets/wall_cabinet_019.glb,181328,74,1,2,intentional_variant,
wall_cabinet_020,wall,runtime-assets/wall_cabinet_020.glb,190220,198,3,3,intentional_variant,
wall_cabinet_021,wall,runtime-assets/wall_cabinet_021.glb,296876,138,3,4,intentional_variant,
wall_cabinet_022,wall,runtime-assets/wall_cabinet_022.glb,212496,72,1,2,intentional_variant,
wall_cabinet_023,wall,runtime-assets/wall_cabinet_023.glb,217152,374,2,3,intentional_variant,
wall_cabinet_024,wall,runtime-assets/wall_cabinet_024.glb,144384,260,2,3,intentional_variant,
wall_cabinet_025,wall,runtime-assets/wall_cabinet_025.glb,160328,559,2,3,intentional_variant,
wall_cabinet_026,wall,runtime-assets/wall_cabinet_026.glb,146388,256,3,3,intentional_variant,
wall_cabinet_027,wall,runtime-assets/wall_cabinet_027.glb,141772,200,2,3,intentional_variant,
wall_cabinet_045,wall,runtime-assets/wall_cabinet_045.glb,179412,564,3,3,metric_near_duplicate_candidate,wall_cabinet_003
wall_cabinet_058,wall,runtime-assets/wall_cabinet_058.glb,216356,278,3,3,intentional_variant,
wall_cabinet_059,wall,runtime-assets/wall_cabinet_059.glb,208600,144,2,3,intentional_variant,
wall_cabinet_060,wall,runtime-assets/wall_cabinet_060.glb,212444,198,3,3,intentional_variant,
wall_cabinet_069,wall,runtime-assets/wall_cabinet_069.glb,349920,362,3,5,intentional_variant,
wallpaper,wallpaper,runtime-assets/wallpaper.glb,255580,2,1,2,metric_near_duplicate_candidate,wallpaper_001
wallpaper_001,wallpaper,runtime-assets/wallpaper_001.glb,255588,2,1,2,metric_near_duplicate_candidate,wallpaper
wallpaper_002,wallpaper,runtime-assets/wallpaper_002.glb,258240,2,1,2,metric_near_duplicate_candidate,wallpaper_003
wallpaper_003,wallpaper,runtime-assets/wallpaper_003.glb,256572,2,1,2,metric_near_duplicate_candidate,wallpaper
wallpaper_004,wallpaper,runtime-assets/wallpaper_004.glb,257116,2,1,2,metric_near_duplicate_candidate,wallpaper
wallpaper_005,wallpaper,runtime-assets/wallpaper_005.glb,257112,2,1,2,metric_near_duplicate_candidate,wallpaper
wallpaper_006,wallpaper,runtime-assets/wallpaper_006.glb,256568,2,1,2,metric_near_duplicate_candidate,wallpaper
wallpaper_007,wallpaper,runtime-assets/wallpaper_007.glb,258236,2,1,2,metric_near_duplicate_candidate,wallpaper_002
wallpaper_014,wallpaper,runtime-assets/wallpaper_014.glb,257284,8,1,2,metric_near_duplicate_candidate,wallpaper_015
wallpaper_015,wallpaper,runtime-assets/wallpaper_015.glb,256740,8,1,2,metric_near_duplicate_candidate,wallpaper_014
wallpaper_016,wallpaper,runtime-assets/wallpaper_016.glb,257284,8,1,2,metric_near_duplicate_candidate,wallpaper_014
wallpaper_018,wallpaper,runtime-assets/wallpaper_018.glb,256740,8,1,2,metric_near_duplicate_candidate,wallpaper_014
wallpaper_020,wallpaper,runtime-assets/wallpaper_020.glb,258408,8,1,2,metric_near_duplicate_candidate,wallpaper_014
wallpaper_021,wallpaper,runtime-assets/wallpaper_021.glb,258408,8,1,2,metric_near_duplicate_candidate,wallpaper_014
wallpaper_023,wallpaper,runtime-assets/wallpaper_023.glb,255756,8,1,2,metric_near_duplicate_candidate,wallpaper_014
wallpaper_024,wallpaper,runtime-assets/wallpaper_024.glb,255756,8,1,2,metric_near_duplicate_candidate,wallpaper_014
wallpaper_026,wallpaper,runtime-assets/wallpaper_026.glb,255744,6,1,2,metric_near_duplicate_candidate,wallpaper_028
wallpaper_027,wallpaper,runtime-assets/wallpaper_027.glb,258396,6,1,2,metric_near_duplicate_candidate,wallpaper_028
wallpaper_028,wallpaper,runtime-assets/wallpaper_028.glb,256728,6,1,2,metric_near_duplicate_candidate,wallpaper_026
wallpaper_029,wallpaper,runtime-assets/wallpaper_029.glb,257272,6,1,2,metric_near_duplicate_candidate,wallpaper_026
window,window,runtime-assets/window.glb,11536,108,2,1,intentional_variant,
window_028,window,runtime-assets/window_028.glb,8208,64,2,1,intentional_variant,
window_030,window,runtime-assets/window_030.glb,14516,154,2,1,intentional_variant,
window_031,window,runtime-assets/window_031.glb,9328,80,2,1,metric_near_duplicate_candidate,window_046
window_032,window,runtime-assets/window_032.glb,15636,170,2,1,intentional_variant,
window_033,window,runtime-assets/window_033.glb,10020,88,2,1,intentional_variant,
window_034,window,runtime-assets/window_034.glb,9460,80,2,1,intentional_variant,
window_035,window,runtime-assets/window_035.glb,6648,40,2,1,metric_near_duplicate_candidate,window_036
window_036,window,runtime-assets/window_036.glb,6648,40,2,1,metric_near_duplicate_candidate,window_035
window_037,window,runtime-assets/window_037.glb,13048,166,2,1,intentional_variant,
window_038,window,runtime-assets/window_038.glb,9592,102,2,1,intentional_variant,
window_039,window,runtime-assets/window_039.glb,9048,76,2,1,metric_near_duplicate_candidate,window_040
window_040,window,runtime-assets/window_040.glb,9048,76,2,1,metric_near_duplicate_candidate,window_039
window_041,window,runtime-assets/window_041.glb,7776,56,2,1,metric_near_duplicate_candidate,window_042
window_042,window,runtime-assets/window_042.glb,7776,56,2,1,metric_near_duplicate_candidate,window_041
window_043,window,runtime-assets/window_043.glb,8488,68,2,1,metric_near_duplicate_candidate,window_044
window_044,window,runtime-assets/window_044.glb,8484,68,2,1,metric_near_duplicate_candidate,window_043
window_045,window,runtime-assets/window_045.glb,10448,96,2,1,intentional_variant,
window_046,window,runtime-assets/window_046.glb,9328,80,2,1,metric_near_duplicate_candidate,window_031
window_047,window,runtime-assets/window_047.glb,14904,156,2,1,intentional_variant,
window_048,window,runtime-assets/window_048.glb,10420,92,2,1,metric_near_duplicate_candidate,window_050
window_049,window,runtime-assets/window_049.glb,9860,84,2,1,intentional_variant,
window_050,window,runtime-assets/window_050.glb,10420,92,2,1,metric_near_duplicate_candidate,window_048
window_051,window,runtime-assets/window_051.glb,9304,76,2,1,intentional_variant,
work_table,work,runtime-assets/work_table.glb,40796,686,3,1,intentional_variant,
work_table_001,work,runtime-assets/work_table_001.glb,15656,196,1,1,intentional_variant,
work_table_002,work,runtime-assets/work_table_002.glb,216548,296,2,3,intentional_variant,
work_table_003,work,runtime-assets/work_table_003.glb,191112,196,2,3,intentional_variant,
work_table_004,work,runtime-assets/work_table_004.glb,166444,326,2,3,intentional_variant,
work_table_005,work,runtime-assets/work_table_005.glb,18876,344,2,1,intentional_variant,
work_table_006,work,runtime-assets/work_table_006.glb,304480,344,3,4,intentional_variant,
work_table_007,work,runtime-assets/work_table_007.glb,295412,344,3,4,intentional_variant,
work_table_008,work,runtime-assets/work_table_008.glb,319548,342,3,4,intentional_variant,
work_table_009,work,runtime-assets/work_table_009.glb,221304,356,3,3,intentional_variant,
work_table_010,work,runtime-assets/work_table_010.glb,27244,604,1,1,intentional_variant,
work_table_011,work,runtime-assets/work_table_011.glb,376632,342,4,5,intentional_variant,
work_table_012,work,runtime-assets/work_table_012.glb,176648,592,3,3,intentional_variant,
work_table_013,work,runtime-assets/work_table_013.glb,175888,212,3,3,intentional_variant,
work_table_014,work,runtime-assets/work_table_014.glb,9228,104,1,1,metric_near_duplicate_candidate,work_table_016
work_table_015,work,runtime-assets/work_table_015.glb,226816,328,2,3,intentional_variant,
work_table_016,work,runtime-assets/work_table_016.glb,9228,104,1,1,metric_near_duplicate_candidate,work_table_014
work_table_017,work,runtime-assets/work_table_017.glb,7600,78,1,1,intentional_variant,
work_table_018,work,runtime-assets/work_table_018.glb,7984,78,1,1,intentional_variant,
